Name,Dialog
Jeremy,"(His earlier voice mail) Hey, it's me. So I was trying to tell you before, but we kept breaking up. Sorry, I missed you at the airport. I got caught up with my band, but I can't wait for you to hear the song we recorded. I wrote it just for you. Call me when you can. I miss you."
Jeremy,"Oh, it's an old mini safe of mine that I found in the back of my closet. I've had it for ages, but I haven't used it in so long that I forgot the combination. I thought your brothers could open it. I figured that's a ""safe"" bet. Heh heh!"
Jeremy,"Hey, Candace. Umm, so listen. I'm really sorry, but something's come up and I won't be able to make it to our date tonight. I hope you understand. (Candace doesn't respond) Hello? ...Candace, are you there? ...Hello?...Helloo? Well, I guess we got cut off."
Jeremy,"Really? She told me the same thing about you. Anyway, I'm over at the Sci-Fi Fantasy convention with little Suzy. She's really into the kids stuff. You know, like Sea-Horsie Hospital, or you know, lame stuff like Ducky Momo. (Seeing a person in a Ducky Momo costume) Ooh."
Jeremy,"Oh, he's part of a team that makes and manages reconnaissance satellites. They actually had a couple of rovers on Mars earlier this summer. But they suddenly stopped working. You wouldn't know anything about that, would you?"
Jeremy,"And finally, after a very exotic day, our monotreme takes a moment to not do much. Grabbing a well-earned cuddle with everyone's favorite hard-working assistant/producer/girlfriend. Oh! Gotta charge my phone!"
Jeremy,"You know, it's a little unusual...here we are sitting in the very heart of a giant soccer stadium your brothers built in your yard...and you haven't once shown any desire to bust them."
Jeremy,"Hey, wait a second! I call you Candace, but not because I don't care enough to come up with a cute nickname for you! I call you Candace 'cause... I happen to really like that name."
Jeremy,Nah. I came to see this hot new band called PFT. I downloaded their song this morning. It's tight! The hundredth contestant gets to sing onstage with the band!
Jeremy,Wait. You're Gary Frank! You were the most popular senior two years in a row! Dude. You gotta join us for a pizza break. It'll be fun to catch up and talk.
Jeremy,"Wow! You guys are the best! This was truly an amazing day! It's too bad Candace missed the whole thing. And, Ferb, where did you learn to serve like that?"
Jeremy,"Then you shouldn't let your brothers' fun ruin your good time. You know, if you get a chance to sing, you oughta sing. I gotta go, I'll see you later. (Walks away)"
Jeremy,"Well, I guess he's really gone, Suzy. You got to admit, he was a lot of trouble. But deep down, I'm gonna miss that big guy. Come on, let's go inside."
Jeremy,"Eh...both. She said something about going to find the ""other Candace"" and-and Mom and then she went all wild when I mentioned stopping by tonight."
Jeremy,"Oh, no. Their platypus doesn't do much. (Perry jumps out of the building and takes a plunger and sticks it onto the bottom of the ""nose"" of the building.) Well, let's take another shot at learning this solo. (Doof plays the riff better.) Hey, doc, not bad. I think you might be getting it!"
Jeremy,(Laughs) What do you know? Some sort of reptile hopping around. Hi little hopping reptile. Hi little jumping chameleon. Hi little springing salamander.
Jeremy,"It's a day in the life of an exotic animal, and Perry's the most exotic animal I know. So it's you and me documenting Perry all afternoon."
Jeremy,"We can't let a little rain put a damper on our-- wow! (Sees the biosphere, and Candace panics) I guess your brothers have been busy, huh? Oh, we should have our picnic in there!"
Jeremy,"What are you two doing here? I mean, not that I don't like surprise visits from you, but this room is for Slushy Dawg employees only."
Jeremy,Have you seen the fancy dancing on the show? I can fake it in the school auditorium. Just not on a nationally syndicated dance show.
Jeremy-2,We should really get out of here while we can. (he hands her a pair of sunglasses) Most of the Normbots are away in the other dimension. We can slip away pretty easily.
Jeremy,My mom told me to bring over these homegrown veggies for your family. You know; she and your mom are doing that jazz thing today.
Jeremy,"(comes over with a gift box) Hey, Candace! I had a break, and I, uh, I thought I'd give you this for your birthday. (Gives her the box, she opens it) I saw you looking at it in the gift shop."
Jeremy,"Candace, since I have no idea what will happen next, I need to tell you something. (He kneels down and holds onto Candace's hand.) I love you, Candace Flynn. Will you marry me?"
Jeremy,(enters) Wow! A party in the lake? I never would have thought of that! You come up with the best ideas! We can go to the mall tomorrow.
Jeremy,"Let me guess, you had your brothers build me something super cool for my birthday and now it disappeared. It's okay, I get it."
Jeremy,"Yeah, the Tooth Fairy never visited me when I was a kid. (pause) Anyway...could you give this to your brothers? I gotta rush to work."
Jeremy,"It was this crazy contraption doing all those dance moves. If you wanna see what a real dancer looks like, then here you go!"
Jeremy,"Candace, I love having some kid's feet in my face as much as the next guy. But how about we just go grab a Slushy Burger?"
Jeremy,"Yes, I am totally messing with you. Now, would you please knock off the phony British stuff and go back to being my girl?"
Jeremy,"Hey, in a minute Candace. I'm right in the middle here. I was thinking maybe you could help me finish decorating. First."
Jeremy,I remember you loved them in that magazine. And you were even gonna have your good necklace made into a pair like them.
Jeremy,"Hey, Candace. My mom played me some of their CD. Your singing is awesome! How'd you get your voice to sound like that?"
Jeremy,"But...but... I was just gonna ask him to clean the bathroom. (walks up to a female employee) Um, Dolores, this is the part of the job I hate the most."
Jeremy,"Oh, Candace, you made it. I was thinking you weren't gonna show. Although, you know, usually we get on at the bottom."
Jeremy,"Thomas got me two touchdowns, twenty-three points last week, and 189 yards. I'm in first place in my keeper league."
Jeremy,"Hey, Candace. I just finished my side of the house and I'm heading home. It was nice hanging out with you all day."
Jeremy,"Listen, I got called into work and my parents aren't home, do you think you could look after Suzy for a few hours?"
Jeremy,"Yeah, took her a week to get through it. You didn't think she really did all those things? Candace? Do you mind? (He takes out a pen as to sign her cast)"
Jeremy,"Oh, hey, Candace, I see you've sent me some pictures. I can't wait to check 'em out later when I take my break."
Jeremy,"Hey, Candace. It's really nice of you to make something for me. I can't wait to see what you've come up with."
Jeremy,"Yeah, it's new. I'm so bored. Feels like by the time my shift is over, I'll be a part of the fossil exhibit."
Jeremy-2,"I didn't know they were your brothers, but I should've known. They're smart and courageous, just like you."
Jeremy,"An Anglophile such as myself? (he realizes what she is referring to) Oh, ha! I get it. Well...yes. I could listen to you speak like that all day."
Jeremy,"Oh, man. Your sister's entered us in some big dance show. And, you know, I just don't wanna let her down."
Jeremy,"I didn't know you did water sports, 'cause I'm going to the Extreme Water Park today. Why don't you come?"
Jeremy,"You know, your brothers are all right. Hey, are you okay? (Candace points to the ground) Oh, afraid of heights. Don't worry, I got ya."
Jeremy,That? That's not your present. That's my drain unclogger. I don't know why I carry that around with me.
Jeremy,"Yeah, it was weird... You and I were in this Dixieland band and there was an iguana playing an oboe..."
Jeremy,"Oh, I remember that! In grade school, a pretty girl loaned me that pencil and I've kept it ever since."
Jeremy,I just got the new Destruction Mayhem 3 game. I thought maybe you'd like to come over and try it out.
Jeremy,"Candace, I can't do this. All those great dance moves I've been doing today? Well, it was actually..."
Jeremy,"Hey, Candace, look! I did it. I wrote a letter to Santa saying in great detail what gift I want most."
Jeremy,"Candace, I'd really like to help you with your latest busting endeavor, but I have customers waiting. (points to the band singing in line)"
Jeremy,"Yeah. My room was covered in flyers, so I came over. I like LARPing. I get it if you think it's lame."
Jeremy,"Ta-da! Your brothers have opened the trendiest restaurant in town, and this is where I'm taking you."
Jeremy,I'm havin' a hard time gettin' there. (Cut to outside the car to reveal a huge traffic jam.) Looks like this whole town is going to this cool new car wash.
Jeremy,"Here, come on. Let's see what we can do about that. I've got a glass of water with your name on it."
Jeremy,Candace? I really don't mind waiting a bit. It's actually kinda fun just hanging out here with you.
Jeremy,"I saw ya on TV and just wanted to congratulate you. I guess you're, like, on a whole new level now."
Jeremy,"You ready for your bath, huh, boy? Who loves Candace? Oh, who's a beautiful boy? Who loves Candace?"
Jeremy,"Hey, Candace. I'm taking my mom's car to this crazy new car wash. Would you like to go for a ride?"
Jeremy,"Well, yeah, I used the...ugh, hold on! (He runs to the opposite side of the bridge) Yeah, I used the G-word. It doesn't freak you out, does it?"
Jeremy,"Hey, Candace. I don't know what all that was about before, but I wanted to give you your present."
Jeremy,"No, not weird, it's just-- (a customer walks up) Oh, wait, I got a customer, Candace. I'll - I'll call you later, okay?"
Jeremy,"You know, my dad goes on and on about the cafeteria here, and I think he's right. This food is..."
Jeremy,"I'm really glad you wanted to come over, Candace. Most girls really aren't into stuff like this."
Jeremy,I'm just glad you're not one of those people who freaks out just because someone cancels a date.
Jeremy,"Way! I'm excited to see what you two come up with! But you better get started, time's a-tickin'!"
Jeremy,Yeah. I stopped by your house to give you your present and Irving just told me to jack right in.
Jeremy,"Hey, Candace. The things they make us wear, huh? At least you don't have a weenie on your head!"
Jeremy,"I didn't wanna break our date. I just wanted to earn some extra money, so I could surprise you."
Jeremy,"You know, Candace, I was trying to say back there that...well, the thing I like about you is..."
Jeremy,"Hey, the day's not a total loss. We had a great time at the water park. Wanna go back tomorrow?"
Candace/Jeremy,"(In unison) This is Candace/Candace, it's Jeremy. Jeremy? Candace? (Both laugh) Okay, you go. Okay, you talk, you talk. (Both laugh)"
Jeremy,"I bet that's the first time anybody's ever said that. By the way, (hands Phineas a folded piece of paper) Ferb left this clue for you."
Jeremy,Maybe Ducky Momo isn't really that lame after all. Someone else seems to really like him too.
Jeremy,"Listen, I gotta get back to work, but if you like, I can swing by your house after I'm done."
Jeremy,"(greeting people as he passes them) Yo, T-Bone! Hey, Clammo! What up, Sassy Miss K? Momo! Binkie... (reaches Stacy and Candace) Hi Candace, where you been?"
Jeremy,"Hey, Candace. I just wanted to thank you for sending over the pizzas. That was really cool."
Jeremy,I need you and Perry for a summer school project for college credit. It's a zoology course.
Jeremy-Tree,"Come on! I'm a tree! We're friends with squirrels! ... Oh, snap. (to Nerdcrow (Baljeet)) Oh, that's got to hurt."
Jeremy,"Well, my folks asked me to keep an eye on Suzy for the afternoon. Who's my favorite girl?"
Jeremy,"Hey, Candace, I heard you were having a dessert party, so I made you this out of gelatin. (He reveals Candace's name, made from gelatin)"
Jeremy,"You know, Candace, I've had a lot of fun in your backyard, but this is the best time yet."
Jeremy,It is you! I was just over there in a taxi and I saw you over... What are you doing here?
Jeremy,"I mean, it's like your hair was genetically engineered to ensnare those giant fruit bats."
Jeremy,"Hey, why don't you bring Perry to the park and we can wash him together? Sound like fun?"
Jeremy,"Um, something jumped on me and started swallowing me whole and it kinda looked like you!"
Jeremy,"'Scuse me, sir? Oh, Candace? Wow, in that outfit, I couldn't even tell you were a girl."
Jeremy-Tree,Hi! You've been selected for a free haunted castle makeover from Witches Brew magazine.
Jeremy,Check it out. This umbrella makes a sweet raft. You wanna float down the river with me?
Jeremy,"(walks into room) Hey, sis. I can't find my lucky baseball bat. I've looked everywhere. Have you seen it?"
Jeremy,"Allow me. (He reaches up top for something, while Candace pushes a basket away) Here you go, one nose hair clipper. Do you want me to put it in your basket?"
Jeremy,"Hey, guys. I, uh, just wanted to see if you'd come with me. (Shows his ribbon) To the big aglet concert."
Jeremy-Tree,"Yeah, we're kind of expected in Bustopolis. You know; the Wizard, great and powerful."
Jeremy,"Okay, so, I was wondering if you wanted to do something tonight? Just the two of us?"
Jeremy,"I know! It's awesome, right? It's our motto: Slushy Dawgs will never get any better."
Jeremy,I was saying you can really tell a lot about a person by the way they treat animals.
Jeremy,"(Wearing a jetpack and has a volleyball in his hand) Hey, Candace! Jetpack Volleyball? This is a great idea! You're gonna join us, right?"
Jeremy,"Candace, that is so cool how you busted your brothers like that! Will you marry me? (Daydream ends)"
Jeremy,"Candace, there's some street performers over there that– I'll go get another towel."
Jeremy,"Suzy? No. She's at her friend's house. (The door knocks and he pauses the game) Uh, hold on, Candace. Someone's at the door. (Opens the door)"
Jeremy,"Are you kidding? It's amazing! You win, you win! I'm going to get your blue ribbon."
Jeremy,"(looks at his watch) Well, that's the hour. I'm gonna pack up my gear. I got another lesson across town."
Jeremy,"Hold on, Candace, I'll save you! (He jumps off the cliff, using the giant umbrella as a parachute. He grabs her just as she is about to fall) I got you, Candace! (They float down to the bottom and out of the biosphere, onto the front lawn.) Oh, man, I love this umbrella!"
Jeremy,I bet you guys have heard a lot of strange sentences over the course of the summer. (hands Phineas a Slushy Dawg)
Jeremy,(taking his costume off) I need to rethink my career trajectory. I'll call Candace and explain why I'm late.
Jeremy,"You know what I'd like to do, Candace? I'd like to rent one of those little boats."
Jeremy,"Candace, you sure you're okay? (Candace gulps) Come on, my uncle's restaurant is right over here."
Jeremy,"(At his house) You know, I'd love to, but my dad's taking me to check out his old college today."
Jeremy,Thanks. Most of my favorite bands are British. I guess I'm kind of an Anglophile.
Jeremy,She sort of wandered off about 20 years ago. We don't really talk about it much.
Jeremy,He's already set up an interview with an academic adviser. Can you believe that?
Jeremy,"(On phone) Hi, Candace.  It's Jeremy. I was wondering if you wanted to go for a walk today?"
Jeremy,"(opening the gate) Hey, Candace. I was just stopping by to invite you... (awkward pause) Hmm. Well, nice mom suit."
Jeremy,I didn't know you were helping out my mom. You made quite an impression on her.
Jeremy,"Ah, that's my girl. Looks like it's just you and me, little gallivanting gecko."
Jeremy,Of course. I'm so glad you finally decided to change everything about yourself.
Jeremy,"She said she was going to ""help"" the boys. Does that sound like Candace to you?"
Jeremy,"Okay, well, maybe we should get goin'. Hop in, everyone! We're goin' cruisin'!"
Jeremy,"Don't worry, Candace. Just stick with me and I'll get you through this, okay?"
Jeremy,"Oh, man, I gotta get home and help my mom. I'll be back in a couple of hours."
Jeremy,"Are you sure, Candace, 'cause it looks like you may wanna bust your brothers."
Jeremy,Don't you think we should sit together to watch the show? If-if you want to.
Jeremy,(to Coltrane) What do you think it means when a girl leaves a fake mustache at your house?
Jeremy,"But I'm sorry about all this, Candace. I-I just didn't want to let you down."
Jeremy,I just called to let you know I'll be at the big pet wash at the park today.
Jeremy,"Yeah. Instead of cars, we wash pets for charity. You know, you can really..."
Jeremy,"I don't think he likes it! Do all platypi do that, or is that a Perry thing?"
Jeremy,"So, circus, huh? Cool. Cool. I guess it's more of a cirque than a ""circus"". (laughs)"
Jeremy,"So, our moms are gonna start playing when they unveil the statue. Wanna go?"
Jeremy,That might be why they made me assistant junior manager. Just got promoted.
Jeremy,"Ooh, and apparently, monotremes chitter every ten seconds. (to Candace) Mark that down."
Jeremy,"(offscreen) Candace? (walks up to her with headphones) While I check the stockroom, can you take the drive-thru orders?"
Jeremy,"Wait, y-you can't leave now! You would...just get off on the next bridge!"
Jeremy,"Heh, no. The thing I really like about you is... (There is a sudden crash. Candace yelps. Apparently, Ferb has just flipped the switch to turn the desert into a rainforest, for trees shoot up out of the ground. A pipe shoots water out, beginning to create a river) Wow, this is incredible!"
Jeremy,"I know this is a weird question, but do you have any idea how I got here?"
Jeremy,"Wow, Candace, I had a really good time. You want to get something to eat?"
Jeremy,"Oh, career plans? Uh, probably a couple years of community college and..."
Jeremy,"I guess it's set, then. We gotta do it for our grandmas. Right, Candace?"
Jeremy,"Hey, Candace. Sorry I'm running late, but I just finished getting ready."
Jeremy,"Actually, I'm kinda havin' fun. You know, crazy, prison-break kinda fun."
Jeremy,"No, actually Candace, you just paused it. (Game sounds) And now you've reset the game."
Jeremy,"Okay, bye. I gotta get home. Suzy's pretty upset about Santa not coming."
Jeremy,"Hey, Suzy. What are you doing out here, and what's with the lumpy table?"
Jeremy,Cool. It's gonna be wicked. I'm going as a caveman. I'll see you there.
Jeremy,"Yeah, my Mom made it. I'll go get some plates out of the picnic basket."
Jeremy,I'm on my way to build houses for charity. You girls want to come with?
Jeremy,"Uh, Candace, I think you've got a little food or something on your lip."
Jeremy,"Oh, hungry little guy? Let's get some footage of Perry eating. (Pull out to reveal Candace not there.) Candace?"
Jeremy,"Why don't you stay here with Suzy, and I'll go buy you some ice cream?"
Jeremy,"Oh, hey, Perry. Come up here. How's my favorite little platypus today?"
Jeremy,"Candace, you should know me better than that. Look, I have to go home."
Jeremy,"Actually, it's funny you called because you were in my dream just now."
Jeremy,"That's okay. I like you just the way you are. Happy New Year, Candace."
Jeremy,A well-balanced diet is vital to the health of any semiaquatic mammal.
Jeremy,"Suzy, you're acting kinda weird. You're not hiding anything, are you?"
Jeremy,"You're quite the S'Winter athlete. By the way, have you met Dee Dee?"
Jeremy,"Well, they're breaking for coffee. (Jazz music) Wanna come over? We can hang out."
Jeremy,"Yeah, that's Suzy's dog. (Rubs her head) Who's a good girl? Who's a good girl? Yeah."
Jeremy-Tree,"Well, yeah, but I'll bet you don't have anything in your bag for me."
Jeremy,And being together like this makes me realize what I like about you.
Jeremy,"Ah, I'm just here on the Mr. Slushy Burger worker exchange program."
Jeremy,"Everybody calm down! We're safe, look! (Picks the ""Lake Nose Monster"" up) It—It's just some driftwood."
Jeremy,"Hi, Candace. What do you say to a little picnic? You know, indoors."
Jeremy,"Candace, that pretty girl was you. See, those are your teeth marks."
Jeremy's voice,Documenting Perry's life all afternoon... afternoon... afternoon...
Jeremy,"Hey, Candace. You ran away so quickly, we didn't get a chance to--"
Jeremy,(Holding the frame Romantic Candace had bought) Your mom said you got this picture frame for me at the mall today.
Jeremy,"Oh yeah. Yeah, funny I didn't think of that one. (Notices that Candace is running away.) Candace? Candace?"
Jeremy,"Duh. Remember the whole ""your girlfriend ordered the pizza"" thing?"
Jeremy,Great. Just need some assistance with this equipment from the car. (exits)
Jeremy,"Don't worry, Candace. To be honest, not much happens around here."
Jeremy,"As I was saying, being a lifeguard takes focus and concentration."
Jeremy,"It's certainly interesting, but...it's not what I like about you."
Jeremy,"Jeremy Johnson. My Mom's hosting a book club today, who is this?"
Jeremy,"Uh, those first two. Not that last one. She's cool. She's sweet."
Jeremy,"Thanks for coming, Candace. Suzy's been waiting for you all day."
Jeremy,"Sure, yeah they were just here. They went home to look for you."
Jeremy,Uh. Yeah. (screen flips to Jeremy showing her around the picnic) Why don't I introduce you around? You know my folks.
Jeremy,"But it's so hot out here, and you made me work a double shift!"
Jeremy,"Candace! Have you no mercy?! Come on, Grandma. Let's go home."
Jeremy,"I gotta meet my Mom in the food court, but I'll see ya later?"
Jeremy,"(in non-belief) Uh...huh. Well, it's a statement. You guys have fun now. Bye!"
Jeremy,I was just about to comment on them. They're really up there.
Jeremy,(on phone) Candace... what I think... I though...we should...break...up.
Jeremy,"Hey, Mrs. Flynn-Fletcher, you wanna see the footage of Perry?"
Jeremy,Huh. That's funny. I never knew cavemen wore safety helmets.
Jeremy,"Wow! Candace, you've  got to teach me how to skate like that. (He takes Candace's hand, and Suzy hits the button again, and both Candace and Jeremy are sent flying back)"
Jeremy,(Laughs) What are you talking about? Little Suzy wouldn't hurt a fly.
Jeremy,"Yeah. Only, uh, uh, Candace, is that what you're gonna wear?"
Jeremy,"Okay, uh last, but not least, we have the Flynn-Fletchers..."
Jeremy,"(Picks up his phone) Hey Stacy, how's it going? No, I haven't heard from Candace."
Jeremy,"(while Perry quickly reverts to pet mode) I think he's behind that tree. (picks Perry up, who chatters again; hands him to Candace) See, he's glad you found him."
Jeremy,"Candace, I love that you came to visit, but rules are rules."
Jeremy,"That's okay, Candace. You looked like you were pretty busy."
Jeremy,I would hope my girlfriend would have a little trust in me.
Jeremy,The only thing is it needs a picture. Anybody got a camera?
Jeremy,"Okay, but hurry. The games are the best part of the picnic."
Jeremy,You'd be surprised how strong my arms are. Don't hold back.
Jeremy,(offscreen) What do you need? What do you need? You know what you need?
Jeremy,But isn't that why you changed? So I would like you better?
Jeremy,"Oh, hang on, Coltrane, there's a fly in here. Lemme get it."
Jeremy,"Uh, look out the window of the salon in ten seconds, ma'am!"
Jeremy,"Sure, Candace! Um.. I'm gonna go get some fresh air, okay?"
Jeremy,Um...heh. What's so special about this freaky guitar solo?
Jeremy,"Well, this sure beats all that rain. Not too hot, are you?"
Jeremy,"Oh, hey, Candace! Did you come to pick up your MP3 player?"
Jeremy,"(to Candace) I don't know about you, but I'm gonna have another cookie. (eats another cookie)"
Jeremy,"Wow, you look beautiful...I guess you all look beautiful."
Jeremy,"Hey, Candace. You know I don't play drums. I play guitar."
Jeremy,Hey...cute redhead...talking funny. See ya after the set.
Jeremy,"Yeah, it's a total surprise. I'm taking her to the rodeo."
Jeremy,"Yeah, this is the part of the job I hate the most, but..."
Jeremy,"Huh? Oh, what was that? And why did it look like Candace?"
Jeremy,I'm gonna go grab some snacks. I'll meet you over there.
Jeremy,Cool. I always liked your brothers. I'm coming with you.
Jeremy,"Hi, Candace. I was wondering if you could do me a favor?"
Jeremy,"(walking up with Coltrane, holding a tray with four glasses of sparkling cider on it) Candace? Stacy told me about your New Year's resolution."
Jeremy,"Yeah. Grilled cheese, 'cause I know it's your favorite."
Jeremy,"Hey, Candace. This fossil is my favorite in the museum."
Jeremy,"Uh, Candace? Why is my grandma yelling at your grandma?"
Jeremy,"Sure, no problem. What's in this platypus food, anyway?"
Jeremy,"No, you look great! Hop in! (Candace opens the side door and gets in.) What'd you do to your hair?"
Jeremy,"Ah, it's not so bad. I mean, we're together, aren't we?"
Jeremy,"It was awesome. So, we still on for the movies tonight?"
Jeremy Dragon,"Sorry, Candace, I have a shift at the Slushy Dawgaryen!"
Jeremy,"Hey, you know, your mom's over here for the book club."
Jeremy,"Candace, tell me what's wrong. I can't read your mind."
Jeremy,"Hey, man, I charge by the hour, so knock yourself out."
Jeremy,"Oh, hi Candace. You realize it's like... 2am in Paris."
Jeremy,Candace...I can't help but notice your...accent there.
Jeremy,"Uh oh, we're passing the antenna farm. I'm losing you."
Jeremy,"Yeah! Well, my fantasy league is killin' it this year."
Jeremy,There's a huge gaping hole in the side of your house.
Jeremy,"Hey, bad dog! That's weird. Suzy trained her so well."
Jeremy,"Hey, Candace. You ready for the third level? (Door slams) Candace?"
Jeremy,I like it! I'm really glad that you're goin' with me.
Jeremy,"Hey, I'm charging by the hour, so knock yourself out."
Jeremy,"Whoa! Heh-heh! Hey, Candace, you came out of nowhere."
Jeremy,You're the most responsible pet owner I've ever seen.
Jeremy,"You had to take her to the vampire movie, didn't you?"
Jeremy,"Your mom? Not, oh, I don't know, the highway patrol?!"
Jeremy,Welcome to Mr. Slushy Burger. May I take your order?
Jeremy,"Bummer. Well, see you later, then. Dee Dee, wait up!"
Jeremy,"Heeey, Coltrane and Stacyyyy... that was easy. (Candace glares at him) What?"
Jeremy,I like it so much better than how you were...before.
Jeremy,"(On the answering machine) Hey, it's me. So, I was trying to tell you before..."
Jeremy,"That's Don. He's, uh, kind of a fixture around here."
Jeremy,"Candace, I think we got some great footage. Awwww..."
Jeremy,"Oh, it's good, bro. (at Mindy) Thanks, but I promised Candace. (Candace runs off down the street)"
Jeremy,"So, that's Kermillian's Comet. Did you make a wish?"
Jeremy,"If you just keep a calm, cool head, you'll be fine."
Jeremy,"Oh, great! Uh, (at Phineas and Ferb) was I supposed to get her a present?"
Jeremy,"Hey, Candace. I got you a glass of sparkling cider."
Jeremy,"Hey, Candace! I didn't know you were a racing fan!"
Jeremy,"Perfect. Real action shots. Oh, you'll look great."
Jeremy,Maybe you should sit down. So what happened again?
Jeremy,"So, Candace, you made a teddy bear out of baklava?"
Jeremy,"I didn't know that you were a hockey fan, Candace."
Jeremy,"(walking through stained-glass fence doors wearing a suit) Well, as a matter of fact, I object to this union."
Jeremy,(screams) Two Candaces! Only one is real! You gotta help me!
Jeremy,"Candace, I have a surprise for you. Check it out."
Jeremy,"Uh, it's okay, Candace, if you guys are too busy."
Jeremy,"Uh, hey, Candace. You have a flower in your hair."
Jeremy,Suzy? Is that you? What are you doing in my room?
Jeremy,Yeah. A weird sort of prison-break kind of date.
Jeremy,I don't understand. What is it you want from me?
Jeremy-Tree,"I miss her, too, even if she was a little bossy."
Jeremy,"More fun than taking the sidewalk, huh, Candace?"
Jeremy,Wait a minute. You look familiar. Do I know you?
Jeremy,"Candace, you're really kind of freaking me out."
Jeremy,Yeah! You should apply. We could work together.
Jeremy,"(Via recording) Hey, it's Jeremy. You know what to do after the (beep)"
Jeremy,"(As he moves his arms and legs back and forth) Ha, hey, look, Candace, I'm making snow angels."
Jeremy,(holds out towel; water drips off of Perry) That little guy's just drowning in mother love.
Jeremy-2,"(saluting) Yes sir, and I  picked up a couple new recruits."
Jeremy,"Now that we're all here, who wants to go first?"
Jeremy,"(offscreen) Wow, this place is intense! (Cut to Candace and Jeremy on surfboards at the top of a water slide.) You ready, Candace?"
Jeremy,But only 'cause it's cuter than my shark-koala.
Jeremy,"Ooh, fresh air! What a relief to be free again! (screams)"
Jeremy,"Oh, that's Billy Ray Digler's car. He's great."
Jeremy,Sounds like you got a bad case of the hiccups.
Jeremy,"Really, you didn't even look at your messages?"
Jeremy,"Wow, Mrs. Flynn, I really like the wig helmet. (eats a cookie)"
Jeremy,"Hey, Mr. Fletcher, is that a Nedlington Nymph?"
Jeremy,"Aw, nothing you do could be that embarrassing."
Jeremy,"Uh, sorry dude. But we didn't order any pizza."
Jeremy,"Ah, Candace the Girlfriend! Doonkelberry dawg?"
Jeremy,"Huh, this is behavior we've never seen before."
Jeremy,"Stay right here. I'm gonna go get some water. (Candace coughs out the sub, it returns to normal size and Phineas and Ferb come out)"
Jeremy,"Hey, Candace. Are you going to Stacy's party?"
Jeremy,"Oh, don't worry. I washed it. Here. Allow me."
Jeremy,"Well, awesome! Uh, so I'll pick you up later?"
Jeremy,"Well, i-if you prefer to do something else..."
Jeremy,"Excuse me, miss. Do you have a table for two?"
Jeremy,"Well, I'm the judge of the contest this year."
Jeremy,"(Confused) Well, gosh. I guess I could say, yes, I have."
Jeremy,(German accent) Vat about your music box mitt ze Tiny Cowboy?
Jeremy,Are you kidding? This is the best date ever.
Jeremy,I was taking my little sister to the movies.
Jeremy,Yeah! We could take turns saving each other.
Jeremy,"(As Candace stomps away angrily) Wait, Candace, look! It's just papier-mâché! (Lifts the boulder easily)"
Jeremy,"As a matter of fact, I object to this union."
Jeremy,"Ooh, a vampire! It's a good thing I have my—"
Jeremy,"As a matter of fact, I object to this union."
Jeremy,There's no way I can learn that by tonight.
Jeremy-2,I'm Jeremy Johnson. I'm here to rescue you.
Jeremy,Yeah. I can't say I've seen better posture.
Jeremy,"Well, Suzy. Are you excited to see Candace?"
Jeremy,"Candace, you didn't read the book, did you?"
Jeremy,Looks like we made it back before your mom.
Jeremy,Huh? That didn't count! Pizza interference.
Jeremy,Oh yeah. Well your face is a health hazard.
Jeremy,"Well, only on weekends before 11:00, but..."
Jeremy,"Wow, Dee Dee! You're a really great skier!"
Jeremy,"So, you wanna see those street performers?"
Jeremy,"Candace, if you'd rather have a spa day..."
Jeremy,"Candace, that doesn't even make any sense."
Jeremy,"Okay, Mr. Monogram, now this is a G-chord."
Jeremy-Tree,Sure are some scary looking trees in here.
Jeremy,"Hey, guys! Uh-oh, here comes the fun part!"
Jeremy,"(knocks on door, then opens it) Candace? I brought your MP3 player with... (Candace screeches)"
Jeremy,"Ah, that's okay, I don't think anyone did."
Jeremy,"Well, I think... this pizza's really good."
Jeremy,Wow. He is not like he was in high school.
Jeremy,"Mrs. Flynn-Fletcher, Candace wants you to—"
Jeremy,And your little brother's gonna be on TV!
Jeremy,"Candace, it's okay. It's just a squirrel."
Jeremy,Maybe we should walk the rest of the way.
Jeremy,"Candace, this isn't one of these thing..."
Jeremy,I just want you to tell me what you want.
Jeremy,"Yeah, I only have two appointments today."
Jeremy-Tree,(gasps) I'm free!!!... and I'm in my underwear... (Jeremy quickly covers up his underwear)
Jeremy,You bet! The reason that I like you is...
Jeremy,And I bet you remember the birthday girl.
Jeremy,"A fun house? Man, your brothers are cool."
Jeremy,I was wondering how long that would take.
Jeremy,"Awww... You'll bust 'em next time, tiger."
Jeremy,Just what I said. She's nice. She's cool.
Jeremy,Great. I gotta get back. Happy birthday! (walks away waving; Pause)
Jeremy,"I got it, my favorite girl. (At Candace via phone) Jeremy here."
Jeremy,Suzy? What's going on out here? (sees Candace lying in the mud with the poodle still biting at her jeans) Candace?
Jeremy,(on phone) I might have to make it some other time.
Jeremy,Cool beans. I'll let you get back to it.
Jeremy,"Oh, hey, Phineas. Anyone want any fries?"
Jeremy,"Yeah, by the way, here's your real gift. (hands Candace a bracelet)"
Jeremy,Candace! There you are! What's all this?
Jeremy,I suppose we could go to the mall again.
