Name,count
Candace,5737
Phineas,5378
Doofenshmirtz,3650
Buford,1714
Isabella,1661
Linda,1646
Baljeet,1389
Major Monogram,1082
Stacy,768
Jeremy,687
Lawrence,591
Carl,560
Vanessa,486
Ferb,374
Norm,288
Irving,233
Man,136
Candace-2,130
Doofenshmirtz-2,116
Monty,114
Roger,97
Meap,92
Gretchen,89
Suzy,87
Woman,87
Monogram,84
Rodney,78
Mitch,77
Phineas-2,69
Albert,68
Kelly Osbourne,68
Napoleon,68
Betty Jo,60
Paul,59
Narrator,58
Ginger,58
Dirk,57
Perry,56
Evil Carl,56
Adyson,52
Clyde,52
Lyla,51
Red Skull,50
Wendell,49
Charlene,49
Iron Man,45
Isabella-2,45
Holly,42
Announcer,42
Spider-Man,41
Parenthesis,40
Dr. Diminutive,39
Doofenwitch Warlock,38
Danny,37
Khaka Peu Peu,36
Bufavulous,35
Doof zombies,35
Darthenshmirtz,35
Dink Winkerson,35
Ohio,34
All,34
Charlene-2,34
Dr. Shamai,33
Johnny,33
Future Candace,33
Vivian,32
Bob,32
Past Candace,31
Liam,30
Computer,30
Sergeant,30
Mrs. Johnson,30
Thor,28
The Beak,28
Mr. Random,28
Boy,28
Adrian,27
Man 1,27
Host,27
Mandy,27
Lindana,27
Major-in-Charge Carl,26
Man 2,26
Jenny,26
Busting Candace,26
Milly,25
Princess Baldegunde,25
Supercomputer,25
Crowd,24
Nerdcrow (Baljeet),24
Poofenplotz,24
Major Monogram-2,24
Buford-2,24
Tour Guide,23
Kids,23
Can-tok,23
Floyd,23
Melanie,22
Farmer's Wife,22
Doofenshmirtz's date,21
Receptionist,21
Lion-Tiger-Bear Guy (Buford),21
Jeremy-Tree,21
Django,21
Captain Squint,21
Reg,20
Romantic Candace,20
Gaston Le Mode,20
Worker,20
Katie,20
Haberdasher,20
Bad Future Candace,20
Manager,20
Lacie,20
Fireside Girls,20
Ignatius,20
Clewn't,19
Past Phineas,19
Baljeetolas,19
Maia Mitchell,19
Man #2,18
Lulu,18
Nigel,18
Dan Povenmire,18
Professor Mystery,18
Future Linda,18
Bubba Doof,17
Coltrane,17
Alien,17
Klimpaloon,17
Judge,17
Hotel Manager,17
Max Modem,17
Grandpa Reg,17
"Jeff ""Swampy"" Marsh",17
Jekyll Doofenshmirtz,17
Reginald,17
Rodrigo,17
Blay'n,17
Beckham (blond),17
Glenda,17
Amanda,17
Dr. Phineastein,16
Farmer,16
Eliza,16
Normbot,16
Tiana,16
Girl,16
Isabel,16
Dr. Gevaarlijk,16
Brigitte,16
80's Heinz,16
Tower,15
Phinabunk,15
Zarna,15
Candace/Perry,15
Melissa,15
Hulk,15
Whiplash,15
Chowdina,15
80's Linda,15
Double 0-0,15
Crash,15
Bobbi,14
Grandpa,14
Mike,14
Audience,14
Pierre,14
Sophia,14
Morg,14
Lomond,14
Phineas and Isabella,14
Balthazar,14
Blanca,14
Doofus Khan,14
Dan,13
M.O.D.O.K.,13
Nick Fury,13
Mishti,13
Malifishmirtz,13
Phineas (cont'd.),13
Nana Shapiro,13
Mr. Macabre,13
P.P. Otter,13
Kid,13
C-Suit,13
Doofenshmirtz head,13
Hildegard,13
Regent Monogram,13
Dr. Doofenshmirtz,13
The gang,12
Greg LeMond,12
Mr. Doofenshmirtz,12
Xavier,12
Cashier,12
Russell,12
Han,12
Principal Lang,12
Wizard (Linda),12
Luke,12
Delivery Man,12
Sherman,12
Winifred,12
Man 3,12
Von Doofenshmirtz,12
Alliance Commander,11
Stanky Dog,11
Maggie,11
Jim Cummings,11
Producer,11
Driver,11
Samantha,11
C.O.,11
Charles,11
Mog,11
Constance,11
J.B.,11
Gordon Gutsofanemu,11
Doof zombie,11
Contractor,11
TV Announcer,11
Kelly Clarkson,11
Swampy,11
Rusty,11
Mr. McGillicuddy,11
Colonel Contraction,11
Waitress,10
Past Linda,10
Dr. Baljeet,10
Doofenshmirt,10
Man #3,10
Doofenshmirtz (2nd Dimension),10
Dr. Hirano,10
Nostril #8,10
Harry,10
Officer,10
Princess Isabella,10
Ian,10
Nikki,10
Photographer,10
Karen,9
Emissary 1,9
Nosh,9
Advertiser,9
Salesman,9
Pizza Guy,9
Norm-3PO,9
Stagehand,9
Bannister,9
The Guru,9
Driving Instructor,9
Female Voice,9
Wendy,9
Marketing Employee,9
Man 4,9
Sergei,9
Store Manager,9
Doofengung,9
Game Voice,9
Girl 1,9
Saul,9
Carl-2,8
Martians,8
Candace's alarm,8
Crazy Old Man,8
Captain,8
Nerd,8
Translator,8
Guiserblint,8
Buford and Baljeet,8
Doofenplants,8
Delivery Man 1,8
Waylon,8
Floraine,8
Santa,8
Dan and Swampy,8
Grulinda,8
Talking Zebra,8
Thaddeus,8
Guard 2,8
Regurgitator,8
Young Doofenshmirtz,8
Man #1,8
Sally,8
Chef,8
Parry Gripp,8
Male Voice,8
Ruth,8
Luc Robitaille,8
Old Norm Head,8
Rosie,8
Red,8
Delivery Guy,7
Clive Addison,7
Candavere,7
Keeper of the Bridge of Comprehension,7
Fred,7
Bridgette Oshinomi,7
Pnorman,7
Markus,7
Commander Carl,7
Jack,7
Bank Officer,7
Doofenplant,7
Old Coot,7
Mr. Garcia-Shapiro,7
Isabella the Good Witch,7
Woman #2,7
Candace and Stacy,7
Inner Doofenshmirtz,7
Woman 2,7
Both,7
Dr. Feelbetter,7
Bridgette,7
Rebel Officer 1,7
R2-D2,7
Ship's computer,7
Scientist #2,7
Rebel Officer 2,7
Jamie,7
Denise,7
Guard 1,7
Pinhead Pierre,7
Conk,7
Baljeet-2,7
Young Candace,7
Tedd,7
Mrs. Thompson,7
Guard,7
Alien 4,7
Candace/Stacy,7
Diminutive,7
Bartender,7
Lawrence Robot,7
Jeremy-2,7
Astronaut,7
Man #4,6
Roger Doofenshmirtz,6
Robbie Wyckoff,6
"""Linda""",6
Alternate Timeline Future Candace,6
Past Isabella,6
Everyone,6
All but Ferb,6
Mrs. Doofenshmirtz,6
Delivery Man 2,6
Mrs. Pierpoint,6
Owner,6
Street Performer 1,6
Radio DJ,6
Mindy Mimic,6
French Audio Teacher,6
Dennis,6
Man 5,6
Jeremy and Coltrane's friend,6
Phil,6
Employee,6
Robot,6
Echo,6
Lucy,6
Beckham (half-moon glasses),6
Rinaldo,6
Michael,6
Potato Gremlin,6
Heather,6
Lady of the Puddle,6
Mark,6
Examiner,6
First Baljeet,6
Pedro,6
Girl 3,6
Vanessa-2,6
Candace Robot,6
Emissary 2,6
Dubois,6
Waiter,6
Woman 1,6
Bernie,6
Beppo,6
Imperial Officer 5,6
Chewbacca,6
Banister,5
Grocer,5
Zengle,5
Chloe,5
Warden,5
Candace's Brain,5
Pizza man,5
Doreen,5
Hulkjeet,5
Newsreader,5
O.W.C.A. Computer,5
Boofgard,5
Eliza M. Feyersied,5
Dentist,5
Ferb-2,5
Laird,5
Linda and Candace,5
Vendor,5
Little Witch Suzy,5
Birgitte,5
Dana,5
Woman #1,5
Uncle Owen,5
Reynolds,5
C-3PO,5
Becky,5
Caption,5
Automated voice,5
Rick,5
Lawrence-2,5
Dr. Killbot,5
"Phineas, The Gang & Kids",5
Cosmonaut 1,5
Uncle Sabu,5
Veterinarian,5
Emissary 3,5
Woman #3,5
Cristo Fernández,5
Katherine Marshall,5
Love On the Run Performer,5
Baljeet's Brain,5
Evander,5
Doofenshmirtz (cont'd),5
Reporter,5
Vance,5
"Stacy, Candace",5
Judge #1,5
Monster Truck Driver,5
Tink,5
Police Officer,5
Kiosk,5
Voice,5
Kid 2,5
Mayor Chickenen,4
Khaka Peu Peu's Wife,4
Scientist #1,4
Mindy,4
Megan Rapinoe,4
Customer,4
Da,4
Monobrow,4
Native,4
Baljug,4
Gordon,4
Salesman 2,4
Isabelock,4
Darth Ferb,4
People,4
Isabella Lookalike,4
Horse,4
Weird Teen,4
Ice cream guy,4
Isabella/Buford/Baljeet,4
Male teen,4
Board Member #2,4
Ferb's cousin,4
Cameraman,4
Cooking Instructor,4
"""Abernathy""",4
Dave,4
Girls,4
Ant,4
"Candace, Stacy",4
New Hampshire,4
Norm's speaker,4
General Carl,4
Major Monogram (2nd Dimension),4
Orville Wilkins,4
Wilbur Wilkins,4
Radio announcer,4
Squirrel,4
Linderella,4
Evil Investor,4
Doorman,4
Lord Ramblington,4
Venom,4
Candace/Jeremy,4
Board Member #1,4
Fake Mayor,4
Recording,4
Candace (cont'd.),4
Imperial Officer Jeff,4
Dodo,4
Speckies,4
Finkies,4
Candace (cont'd),4
Electronic voice,4
Montage,4
Doofenshmirtz's Dad,4
Tykera,4
Fifi,4
Grandpa Clyde,4
Random Guy,4
Cell Phone,4
Guilbaud,4
Slamm,4
Kid 1,4
Flight Attendant,4
Little Jeet,4
Ben,4
Mrs. Ferguson,4
Jared,4
Second Baljeet,4
Maitre D,4
Bad Future Doofenshmirtz,4
Kristen,4
Blatto,4
Bus Driver,3
Speckie 1,3
Nostrils fans,3
Dancer,3
Car salesman,3
Dream Fireside Girl,3
Doofenshmirtz head 2,3
Policeman,3
Teen,3
Isabella/Baljeet/Buford,3
Li'l Saul,3
Albert & Irving,3
Flautist,3
Chad,3
Jeff,3
Lady,3
Evan,3
Caveman,3
Chief Linda,3
Aunt Olga,3
Guy,3
Brittany,3
Station Manager,3
Grandma Betty Jo,3
Bus driver,3
Old Woman,3
Girl 2,3
Mona,3
Nana's friend,3
Dinosaur,3
Linda Creature,3
Extra,3
Mean Woman,3
Ropey-Face,3
Elderly man,3
Alien 3,3
Stage Manager,3
LOtR Driver,3
Lawrence/Max,3
Busboy,3
Major Monogram/Voice Over,3
R.I.C.K.,3
Wax Washington Robot,3
Gnome,3
Both Doofenshmirtz's,3
Jack-O-Lantern,3
Vaness,3
Crossing Guard,3
Vanderbeek,3
Biffany,3
Radio Announcer,3
Ed,3
Shaun,3
Scientist 2,3
Speckie 2,3
Boy #3,3
Man 7,3
Emcee,3
"Advertisement: (Instrumental: ""Tuff Gum""",3
Pet owner 1,3
Imperial Officer Dan,3
Younger Doofenshmirtz,3
David,3
Doofenshimrtz,3
Animal Control Guy,3
Pilot,3
Shop owner,3
Isabella and Baljeet,3
Haney,3
Cow,3
Commander,3
Ray Liotta,3
Past Doofenshmirtz,3
Dr. Bloodpudding,3
Leia,3
Maitre d',3
Linda (cont'd.),3
Phone,3
Jameson,3
Hot Dog Vendor,3
Airline Announcer,3
Bad Future Major Monogram,3
Hilda,3
Male Realtor,3
Farmer's wife,3
Children,3
Phineastein,3
Hostess,3
Librarian,3
Imperial Officer 3,3
Person 2,3
Imperial Officer 2,3
Thad,3
Street Performer 2,3
Dimitri,3
Mother,3
Gaston Le Mode (on TV),3
Candace's Brain #1,3
Baljeet #2,3
Dating Show Host,3
Candac,3
Man 6,3
Old man,3
Mrs. Garcia-Shapiro,3
Shane,3
Computer Voice,3
Driving instructor,3
Stacy and Candace,3
Missy,3
Hipster Guy,3
Ranger,3
Cop 2,3
Louis,3
Abe Robot,3
Store employee,3
Heinz's Father,3
Abernathy,3
Mr. Fluffy Pants,3
Phineas hologram,3
Maids,3
Mrs. Tjinder,3
Janitor,3
Stubbings,3
Mailman,3
Shady Joe,3
Tony,3
Kid #1,3
Kid #2,3
Kid #3,3
Biker,3
Explorer,3
Mom Attractor,3
Computer voice,3
Referee,3
Inspector Initials,3
Danny Jacob,3
Paul's father,3
Employee #2,3
Map Montage,2
Cow Cup,2
Major Hologram,2
Tusken Raider,2
Hench-Robot,2
Phineas and the gang,2
Man on TV,2
Slushy Dawg manager,2
British female voice,2
Torbo,2
Linda-2,2
Office Stormtrooper 2,2
Ned,2
Store Owner,2
Grandma,2
Patient,2
Female computerized voice,2
Neighbor,2
Normbots,2
Milk man,2
Security guard,2
Auctioneer,2
Doctor,2
Mole Person,2
Tyler,2
Office Stormtrooper 1,2
Phineas and Clyde,2
Old Man,2
Elderly lady,2
Singers and Lindana,2
Heat laser,2
Mad scientist,2
Stormtrooper 5,2
Mail Lady,2
Croupier,2
Announcer 2,2
French Man,2
Admiral Acronym,2
Linda and Lawrence,2
Sankei,2
Director Dipthong,2
Juror number 9,2
Candace's Brain #2,2
Doofenshmirtzs,2
Baljeet and Isabella,2
All but Candace,2
Teacher,2
"Isabella, Buford and Baljeet",2
Buford's grandfather,2
Phineas/Isabella,2
Fisherman,2
Robber,2
D. D.,2
Thad's girlfriend,2
Isabella recording,2
Phineas recording,2
Susanne,2
Mr. Tomato,2
Ducky Momo,2
"Phineas, Isabella, Buford, and Baljeet",2
Worker 1,2
Santa Claus,2
Foreman,2
Lyla Lolliberry,2
Border Patroller,2
Baljeet #1,2
Baljeet #4,2
Sandwich woman,2
Mustached man,2
Dink,2
Teenage Heinz,2
Jimmy,2
Doofenshmirtz #2,2
Passenger 3,2
Passenger 2,2
Passenger,2
Judge 2,2
Judge 1,2
Debater,2
Girl 4,2
Father,2
Voter 2,2
Voter 1,2
Female Meap Operator,2
President Obama,2
Archeologist,2
Mongols,2
Boy #2,2
Ambassador,2
Fabiana,2
2nd Guy,2
1st Guy,2
Narrator Voice,2
Theater Usher,2
Audience Member,2
Peggy,2
The gang's brains,2
Everyone but Ferb,2
Zombie 1,2
Game Announcer,2
Mechanical mother,2
Nostril in Jacket,2
Denmother Puppet,2
Nostrils Fan #1,2
Nostril #3,2
Rainbow,2
Monster,2
Wax Lincoln Robot,2
Buck Buckerson,2
Man 8,2
Viking,2
Trick or Treaters,2
Scarlet Pimpernel,2
Male computer voice,2
Baseball Announcer,2
Woman 3,2
Man in audience,2
Assistant,2
Voice from the Civil War Coin,2
Sweary,2
Man (in Squirrel Costume),2
Id,2
Worker #1,2
Worker #2,2
The Ba-dink-a-dinks,2
Boy #4,2
Ferbalot,2
Elderly Phineas,2
Newspaper Boy,2
(original),2
Stormtrooper 6,2
Clay Aiken,2
Substitute teacher announcer,2
Charitable Charities Manager 3,2
Sailor 2,2
Sailor 1,2
Nicolette,2
Pet owner 3,2
Male Teacher,2
Uncle Maulik,2
Man 9,2
Baby Phineas,2
Villain,2
Young Adult Doofenshmirtz,2
Single Guy,2
Hotel Worker,2
Yoga Instructor,2
Lifeguard,2
Mom Cloud,2
Guards,2
Doof zombie (Roger),2
Don Adaded,2
Guard #2,2
Guard #1,2
"Nerdcrow (Baljeet), Jeremy-Tree, Lion-Tiger-Bear Guy (Buford)",2
Major Mongram,2
Marty the Rabbit Boy,2
Ronaldo,2
Mrs. Feyersied,2
The Regurgitator,2
Oven Repairman,2
Phineas & Isabella,2
Person 3,2
Morty Williams,2
The Patchkins,2
Punk girls,2
Japanese Guy,2
Drusselstinian bullies,2
Doof zombie (Candace),2
"Isabella, Baljeet and Irving",2
GPS,2
Buford and Isabella,2
Chicken,2
Herman,2
Guy in Ducky Momo costume,2
Buford's mom,2
Baljeet's mom,2
P. P. Otter,2
Robert,2
Diner 2,2
Ballpit Kid,2
Repairman,2
Blind,2
Police,2
Police officer,2
Pharaoh,2
Fighter jet Pilot,2
Phineas/Ferb,2
Boat captain,2
Old lady,2
Steve 2,2
Harry the Hyena,2
Elizabeth,2
Snowman,2
Alarm,2
Whale,2
OWCA Day-Players,2
Martian,2
Josh,2
Unknown guy,2
Gelatin Monster,2
Wrist communicator,2
Bobbi Fabulous,2
Operator,2
Scientist 3,2
Scientist 1,2
Wanda Acronym,2
Elf,2
Detective/Narrator,2
Balloon Man,2
Spanish Man on TV,2
Bad Future and Future Candace,2
Don,2
Imperial Officer 6,2
Young Heinz,2
Mr. Johnson,2
Professor Onassis,2
Imperial Officer 7,2
Hoarfrost,2
Imperial Officer Wayne,2
Sport Announcer,2
Juan,2
Queuing man,2
Jeremiah,2
Computer Phineas,2
Vanny Van Stomm,2
Phineas and Ferb,2
Platypus monster,2
Kenny Ortega,2
Young Mishti,2
Joe #5,2
Shadowy Figure,2
Intercom,2
Joe #4,2
Joe #3,2
Porkins,2
Background Singers,2
Future Doofenshmirtz,2
Isabella and Buford,2
Police chief,2
Alien-inator,2
Linda/Lindana,2
Vanessa/Candace,2
Cantina MC,2
Man #5,2
Future Candaces,2
Off-Screen Voice,2
Delivery Man 3,2
Control Freak,2
Trucker,2
Baby alien,2
Zoetrope Deity,2
Billy,2
Dryer Repairman,2
Man in audience 8,1
Man in audience 7,1
Scarlet Pimpernel 3,1
Stan Lee,1
Kiosk Girl,1
Japanese Announcer,1
Baljeet #,1
Girl at Bar 2,1
All Scarlet Pimpernels,1
OWCA Day-Player,1
Napoleon (cont'd),1
Pet owners,1
Scarlet Pimpernel 1,1
Holly and Katie,1
Baljeets,1
Third Baljeet,1
Major Monogram and Agents,1
Woman in audience 2,1
Baljeet #5,1
Major Monogram (cont'd),1
All other Baljeets,1
Commander Rrrrrg,1
Man in audience 5,1
New Yorker,1
All the Baljeets at once,1
Marvel Heroes,1
Woman at Monitor,1
Sign Painter,1
Beaver owner,1
Knight,1
Giant Floating Doofy Head,1
Vinnie,1
Cowboy,1
Agent M,1
Soldier,1
Greek,1
Honey Badger Guard,1
Jump Instructor,1
Tech Officer #1,1
Temp Vet,1
Scarlet Pimpernel 2,1
Dexter,1
Cop,1
Man in audience 6,1
Leader,1
Baljeet #3,1
Slushy Dawg Manager,1
Little Old Lady,1
Grape Juice Cop,1
Enemies,1
Officer Concord,1
Bear Boy,1
Oscar,1
Baljeet Replicas,1
Enthusiast 2,1
"Gretchen, Milly, and Katie",1
Jeremy's voice,1
"Gretchen, Milly and Katie",1
Mitzy,1
Ginger and Holly,1
Man in audience 2,1
The Cast,1
Perry-Bot,1
Pet owner 7,1
Enthusiast 1,1
Inmate 3,1
Gretchen (cont'd),1
Pet owner 2,1
Ferb head #1,1
Tourist,1
Female Bureaucrat,1
Son,1
Family,1
Queen Bee,1
Fireside Bees,1
Ice cream truck man,1
Drusselstinian kids,1
The gang (including Ferb),1
Brian,1
Sisters,1
Hipster,1
Mover 2,1
"Doofenshmirtz, Vanessa, Norm",1
Mover 1,1
Jimmy's mother,1
Lawrenc,1
Girl's mother,1
Rich Guy,1
Carla,1
Man in audience 1,1
Agent E,1
Major Monogram's Voice,1
Wendel,1
Occupant 1,1
Occupant 2,1
Occupant 3,1
Occupant 4,1
Pet owner 6,1
Female Robot,1
Bug Trio,1
Theo,1
Advertisement,1
Man in audience 4,1
Agent D,1
Vannessa,1
Larry,1
All Baljeet replicas,1
Agent I,1
Agent C,1
Pet owners 4,1
Candace and Linda,1
Rest of the crew,1
Alien in Buford's body,1
Agent F,1
Butterfly,1
Guy #2,1
Guy #3,1
Inmate 2,1
Kelly Osbounre,1
Phineas (2nd Dimension),1
Lunar Landing Control,1
Bird Watcher Male,1
Bird Watcher Female,1
Inmate 1,1
Alien in Baljeet's body,1
Man in audience 3,1
Hondu,1
Phineas and kids,1
Woman in audience,1
Pinky the Chihuahuaborg,1
Ferb head #2,1
Doof zombie (pilot),1
Lindana and Max Modem,1
Danny and Bobbi,1
Doof zombie (Weatherman),1
Man in helicopter,1
Doof zombie (Don Adaded),1
The End??,1
"Phineas, Buford and Baljeet",1
Mockmacaw,1
Baljeet and Phineas,1
Yaks,1
Uncle Oslo,1
Mockmacaws,1
Mole People,1
Dancers,1
Drummer,1
Female Evil Scientist,1
Doof zombie (Melanie),1
Busty Woman,1
Male Evil Scientist,1
Bufor,1
Doof zombie (co-pilot),1
Baljeet's Mother,1
Doof zombie (Gordon Gutsofanemu),1
Doof zombie (Carl),1
Doof zombie (Major Monogram),1
Man With Glasses,1
Brad,1
Doof zombie (Ed),1
"Buford, Isabella",1
Young and Present-day Doofenshmirtz,1
Doof zombie (Shaun),1
Courtney,1
Doof zombie (Martin the News Vendor),1
Grulinda Boubenweir,1
Martin the News Vendor,1
"Doof zombie, Doof zombie (Linda) and Doof zombie (Lawrence)",1
Punk Girls,1
Fireside Girl Puppet,1
"Ferb, Candace and Stacy",1
Slack #1,1
Slack #2,1
Male tourist,1
Male Evil Scientist 2,1
Electronic Voice,1
Ferb heads,1
Ferb (cont'd),1
Captain Antilles,1
PA Announcer,1
Narrator (cont'd),1
Treadwell,1
Scroll,1
Alien 5,1
Stormtrooper 8,1
Stormtrooper 4,1
Alien 1,1
"Mitch, Alien 1",1
Stormtrooper 7,1
Vader,1
Wookiee,1
Nurse,1
Leia hologram,1
Cornelius Evazan,1
Aliens,1
Tusken Raiders,1
Ponda Baba,1
Everyone on board,1
Paisley Sideburn Brothers,1
Margaret,1
Paisley Sideburn Brothers (cont'd),1
The real Ferb,1
Adyson's Mom,1
Male Evil Scientist 3,1
The real Phineas,1
Ferb hologram,1
Stormtrooper 1,1
Polar bear (with Lawrence's voice),1
Stormtrooper 2,1
Bernie and Denise,1
Imperial Officer 1,1
Imperial Captain,1
Office Stormtrooper 3,1
Young Hick,1
Mayor's Aide,1
Hillbilly,1
Major Monogram's voice,1
Stormtrooper 3,1
Woman on TV,1
Dumpamir,1
Doof zombie (Agent G),1
Doof zombie (Agent O),1
Lawrence and Reg,1
Pinky-2,1
Wienershmirtz,1
Hench-bot,1
Rat-borg,1
Counter Guy,1
"Isabella-2, Holly-2 and Adyson-2",1
Ride Operator,1
Mover,1
Perry-2,1
Counter Guy 2,1
Sophia Sharkboard,1
Female Narrator,1
Frog,1
Agent Double 0-0,1
Bouncer,1
Pit Man,1
Captain Dirk Mortenson,1
Pool Guy,1
Passenger 1,1
Passenger 4,1
Food Truck Lady,1
Male Student 1,1
Doof zombie (Agent M),1
Pizza Manager,1
Ferb head #3,1
Professor Heathwood,1
Professor Elemental,1
Professor Furlong,1
Muscles,1
Diner 1,1
Male Student 2,1
Major Megaburns,1
Megaburns,1
DSL-4,1
Gideon,1
Phineas (cont'd),1
Fairgoer 1,1
Nature,1
Yellow insect,1
Fairgoer 2,1
Auguste Lumière,1
Louis Lumière,1
Sports Announcer #1,1
Masseuse,1
Parrot,1
Linda (cont'd),1
Clown 1,1
Vanko,1
Abdul,1
Doof zombie (Buford),1
Doof zombie (Baljeet),1
Doof zombie (Gretchen),1
Kabul,1
Eporwold,1
Doof Zombie (Pinky the Chihuahua),1
"Adyson, Ginger and Gretchen",1
Giant Floating Doofy Zombie Head (Giant Floating Baby Head),1
Girl at Bar 1,1
Doof zombies (Punk girls),1
Goon,1
Candace and Vanessa,1
Doof zombie (Lacie),1
Dr. Bringdown,1
Villain #5,1
Villain #6,1
Lawrence (cont'd),1
Female,1
Doof zombie (Agent B),1
Villain #4,1
Clown 2,1
Liam's mother,1
Young Stacy,1
Luis,1
Giant Perry,1
Title Card,1
Doof zombie (Isabella),1
Doof zombie (Phineas),1
Doof zombie (Ferb),1
Doof zombie (Vanessa),1
Stacy (cont'd),1
Dolores,1
Jeremy Dragon,1
Doof zombie (Perry),1
Man #1 (Evil Jingle Singer #2),1
Baljeet (cont'd),1
Villain #1,1
Villain #2,1
Villain #3,1
Office Stormtrooper 4,1
Unnamed goth boy,1
Butler,1
"Isabella, Baljeet, Carl, and Phineas",1
News broadcaster,1
Random guy,1
Deliver Man,1
Old Caroler,1
Burdensome elf,1
Isabella/Buford,1
Anchorman,1
Everyone but Candace,1
Candace/Baljeet/Isabella,1
Phineas/Candace,1
"Ferb, Isabella, Baljeet, Buford",1
Crowd member,1
Isabella and Ginger,1
Contestants,1
"Phineas, Ferb, Baljeet, and Isabella",1
BAD Future Candace,1
John P. Trystate,1
Phineas and Baljeet,1
The real Abernathy,1
Dr. Abernathy,1
French Maids,1
Meap's friend,1
Garbog,1
The real Linda,1
Doofenshmirtz (current),1
Doofenshmirtz (original),1
Doofenshmirtz's father,1
Alber,1
Irving's mom,1
Baljeet's Mom,1
Evil Scientist #3,1
Evil Scientist #2,1
Evil Scientist #1,1
Robot Guy,1
Joe #2,1
Bad Future Carl,1
Joe #6,1
Alternate Timeline  Future Candace,1
Both Future Candaces,1
Single Future Candace,1
"Future Candace, Linda and Amanda",1
Past Ferb,1
Doofenshmitz,1
Singers,1
Major Monogram/Carl,1
Isabella and the Fireside Girls,1
Everybody else,1
"Fireside Girls, Isabella and Buford",1
Cowboy singer,1
Person 1,1
Person 4,1
Person 5,1
Milly and Katie,1
Tarzan look alike,1
Chorus,1
Rooster,1
Creepy man,1
Katie and Ginger,1
Stac,1
Man from Charitable Charities,1
Suspect 1,1
Suspect 2,1
Suspect 3,1
Jenny and Stacy,1
Phineas and the Gang (minus Buford),1
Steve 1,1
Space Adventure Fan: 04,1
Ninja Vampire,1
Irving and Albert,1
Speckie,1
Speckie 3,1
Crowd of Speckies,1
Mayor's Assistant,1
Voice Off Screen,1
Jeff McGarland,1
Kid 3,1
Voice over,1
The Platypus's Girlfriend,1
Nerdcrow,1
Beastbog,1
Nerdcrow and Jeremy-Tree,1
"Nerdcrow (Baljeet), Jeremy-Tree",1
Creepy Tree,1
Stacy-Owl,1
"Candace, Jeremy-Tree, Nerdcrow (Baljeet)",1
Spider-Monkey,1
"""Dorothy""",1
"The Good-Witch, Isabella",1
Bear,1
Doofenshmirtz Doll,1
Passerby,1
Sally's Father,1
Fan-girl,1
Announcer on TV,1
Office Guy,1
Glasses Seller,1
Assistant to the Mayor,1
Space Adventure Fan 03,1
Steve 3,1
Space Adventure Fan 02,1
Steve 4,1
Steve 5,1
All Steves,1
Steve 6,1
Dimitri Popaunicolas,1
Linda and the dentist,1
Building Superintendent,1
"Crossing Guard, Building Super",1
Unknown blonde Fireside Girl,1
"""They""",1
Lucha Wrestler,1
Secret Service Man,1
Chauffeur,1
Second man,1
Lemonade-Making Machine,1
Wahanies,1
"Candace, Lawrence, Linda, Ferb, and Phineas",1
Airplane Captain,1
Isabella/Fireside Girls,1
Baby Buford,1
Random man,1
Chaka Khan,1
Bāchan Hirano,1
Cousin,1
Mime,1
Phineas (regular),1
Phineas (Disney+),1
Finkie,1
Space Adventure Fan 01,1
Joe #1,1
Future Janitor,1
Man on Train,1
Love On the Run Driver,1
Charlene (cont.),1
Hyena,1
A Ba-dink-a-dink,1
Dimitri/Pedro/Ginger,1
Grandma Betty Jo #2,1
News Reporter,1
Wax Robots,1
Timecard,1
Stacy/Jenny,1
Candace/Officer,1
Monster #2,1
Monster #2s,1
Ginger/Katie,1
Bobbi's Hand,1
Tree house,1
Jaret Reddick,1
Stacy: Right,1
Male narrator,1
Cheerful male voice,1
Giant Robot Man,1
Actor,1
Candace: MOOOOOOOOOOOM!!,1
Bird/Worm,1
Spider,1
Flies,1
Phineas (in Candace's mind),1
Boys,1
Commercial,1
Boy dressed as a robot,1
Young Buford,1
Vanessa (cont.),1
"The Bettys, Stacy",1
Candace and  Stacy,1
Phone announcer,1
Third kid,1
Male Radio DJ,1
Mall Operator,1
TV Narrator,1
Race Car Driver,1
Racers,1
Olga,1
Chicago Joe,1
Ashley Tisdale,1
Eerie Sinister Voice,1
Old people,1
Boy #1,1
(current),1
Gorilla,1
Doofenshmirtz (cont'd.),1
Voice-Over,1
Supermodel Candace,1
Women,1
Doofenshmirtz #3,1
Doofenshmirtz #4,1
Doofenshmirtz #5,1
Doofenshmirtz #6,1
Doofenshmirtz #7,1
Doofenshmirtz 8,1
Doofenshmirtz #8,1
Ranch Man,1
Female computer voice,1
Cow #2,1
Candace (earlier),1
Bully,1
Flashback Buford,1
Fletcher,1
Candace: PHINEAS!!,1
"Ferb, Martian",1
Giant Martian,1
Candace and Jeremy,1
Little Girl,1
Lawrence and Phineas,1
Poodle,1
Hamster,1
Doberman,1
Band members,1
Boss,1
Crowd/Woman,1
Singer #1,1
TV Host,1
Cotillion Crowner,1
Phineas/Ferb/Isabella,1
Doofensmirtz,1
TV announcer,1
Partygoer,1
Guy 2,1
Guy 3,1
Ad Man,1
Guy with Huge Mole on His Head,1
Doofenshmirtz:,1
Baljeet and Buford,1
Isabella and Phineas,1
Young Baljeet,1
Usher,1
Nanny-inator,1
Film Speaker,1
Baljeet of the future,1
Pigeons,1
Candace/Phineas,1
Judge #2,1
Construction Worker,1
Barry,1
Buford/Baljeet,1
All but Baljeet,1
Performer 1,1
Perry/Candace,1
Re,1
Cindy,1
Milly/Ginger/Gretchen,1
Vampire,1
Mob,1
Villager,1
Villagers,1
Villager 2,1
Isabella lookalike,1
Contestant,1
Alien #1,1
Alien #2,1
Captain Implausible,1
The Executron,1
The Artbot,1
Fishermen,1
Alien 2,1
Sylvia,1
Memory-Candaces,1
Memory-Candaces (con't.),1
Recorded female voice,1
Sergeant (cont'd.),1
SSSN,1
Busting Candac,1
Sculptor,1
Brain Surgeon,1
Lieutenant General of the Meap Army,1
Judges/Drusselstenians,1
Female Pedestrian,1
Male Leftsider 1,1
Male Rightsider 1,1
Male Rightsider 2,1
Man 9's father,1
Man 10,1
Man 11,1
Man 12,1
Man 13,1
"Phineas, Ferb, Meap and Isabella",1
Meap's ship's computer,1
Head of Radio Operations,1
Secretary to the War Council,1
Josette/Collette,1
Baljeet/Buford,1
Rollercoaster Passengers,1
Josette and Collette,1
Mom 1,1
Mom 2,1
Mom 3,1
Mom 4,1
Mom 5,1
P.A. Announcer,1
Mom 6,1
Mom 7,1
Mom 8,1
Baby-Cry-inator,1
Buford recording,1
Recipient,1
Right judge,1
Left judge,1
Doofenshmirts,1
Woman 8,1
Bufovulous,1
Major Monogra,1
Candavere (in a strange voice),1
Mirror,1
Ohi,1
Rhode Island,1
Baljee,1
Falls of Anxiety,1
Man at party,1
Doofenshmirtz head 6,1
Doofenshmirtz head 7,1
Doofenshmirtz head 4,1
"Doofenshmirtz heads 2, 3, 5, 6 and 7",1
Doofenshmirtz head 5,1
Phineas/Buford/Isabella,1
Anne,1
Mr. Totally,1
Doofenshmirtz Recording,1
Catcher,1
Batter,1
Abe Lincoln Robot,1
Customer in line,1
Bank teller,1
Water,1
Woman 4,1
Woman 5,1
Woman 6,1
Delivery man,1
Woman 7,1
Electronic,1
Buford/Isabella/Baljeet,1
Dr Diminutive,1
Monogram Robot,1
No Longer Evil Carl,1
Everyone from the beach,1
Trucker 1,1
Trucker 2,1
Doofenshimirtz,1
Connie,1
L.O.V.E.M.U.F.F.I.N. Member,1
Dr. Shlussel,1
Gunther Goat Cheese's goat,1
Doofenshmirtz's ex-girlfriend,1
Doofenshmirtz's unnamed ex-girlfriend,1
Platypus-Doofenshmirtz,1
Vanna,1
Kid with Eyepatch,1
Worker 2,1
Zamboni driver,1
"Phineas, Ferb, Buford, Baljeet, Isabella, Django, Luc Robitaille",1
"Isabella, Buford, Baljeet, Vivian",1
"Phineas, Isabella, Buford, Baljeet, Vivian",1
Sandwich woman's friend,1
Woman with pearls,1
Man and woman,1
Man with party hat,1
Human Head Fly,1
TV Show,1
Uncle Simpkin,1
Female Fan,1
Young Doofenshmritz,1
Wife,1
Phineas Robot,1
Monkey,1
Random person,1
Robot Candace,1
Hobo Dan,1
Young Monogram's Voice,1
Young Liotta's Voice,1
Candace and Irving,1
Lind,1
Imp,1
Skater Dude,1
Citizens,1
Gutsofanemu,1
Spokeswoman,1
Vanessa and Monty,1
Male Customer 1,1
Male Customer 2,1
Female customer,1
Male Customer 3,1
Customers,1
Audience member,1
Flea market Salesman,1
Salesman 3,1
Salesman 4,1
Salesman 5,1
"Dubois (as ""Man"")",1
Doofenshmirtz's clone,1
Baliff,1
Airline Personnel,1
Airport Announcer,1
Daughter,1
Adumu Teacher,1
Adumu Teacher 2,1
Gnorme,1
Monopunzel,1
Lady of the Lake,1
Clown,1
Puppet man,1
"Phineas, Buford, Baljeet",1
Flashback Doofenshmirtz,1
Computerized voice,1
"Major Monogram, Carl",1
Old Guy,1
Fish seller,1
Psychiatrist,1
"Phineas, Ferb, Buford, Baljeet, Isabella",1
Lady in Video,1
Old Lady,1
Professor Jones,1
Animal control guy,1
Posh woman,1
Posh Woman,1
Cucumber saleslady,1
"Isabella, Baljeet and Buford",1
Entomologist,1
"Buford, Isabella, Ferb, Phineas",1
Ferb alien,1
Unnamed trucker,1
Young Phineas,1
Young Phineas and Ferb,1
Jack Johnson,1
Female store employee,1
Younger Carl,1
Younger Monogram,1
Doofenshmirtz (2nd Dimension) 's VO,1
Young Doofenshmirtz-2,1
"Candace, Stacy, Captain Squint",1
Construction video,1
2nd Normbot,1
Tabitha Comstock,1
Gave Voice,1
Game Ferb,1
Game Baljeet,1
Teen Boy #1,1
Alaric,1
Teen Boy #2,1
Teen Boy #3,1
Background Dancer,1
Another Kid,1
Suzette,1
Third Kid,1
Candace and Princess Baldegunede,1
Esmerelda,1
Phineas/Fireside Girls,1
Female Realtor,1
Phineas' Voice,1
Husband,1
Annabelle,1
Orville/Wilbur,1
Orville,1
Wilbur,1
Factory Manager,1
Ben Baxter,1
Charlene Doofenshmirtz,1
Boat Captain,1
"Linda, Lawrence",1
Ba-dink-a-dinks,1
Candace (in Perry's body),1
Phineas' friends,1
Gretchen-2,1
Jeremy and Phineas (both 2nd Dimension),1
Laurence,1
Zombie 4,1
Were-cow,1
Wolfman,1
Young Roger,1
Aunt Effie,1
Mongol Army,1
Senior citizens,1
Old man #1,1
Old man #2,1
Old woman 1,1
Salesclerk,1
Barber #1,1
Barber #2,1
Steve,1
Ann,1
News-anchor,1
Director,1
"Phineas, Isabella",1
"Linda, Lawrence, Phineas, Ferb, Isabella, Buford, Baljeet",1
Phinabuk,1
Jerabung,1
Can-tok and Mog,1
Jerabunk,1
Gerb,1
Candace and Lawrence,1
The Redundant Scribe of Redundantness,1
Redundant Scribe of Redundantness,1
"Buford, Phineas, and Baljeet",1
Random soldier,1
Elderly Ferb,1
Baking Academy Teacher,1
Zombie 3,1
Weatherman,1
Russel,1
Doofenshmirtz -2,1
Female voice,1
Young Vanessa,1
All but Vanessa,1
Ride attendant,1
"Adrian, Lucy, Eliza, Beckham, Beckham, Beckham, Pele, Pele",1
Speaker,1
Doofenshmirtz on TV,1
Machine,1
Tree,1
Nostrils Fans,1
Nostrils Fan #2,1
Nostrils Fan #3,1
-Inator,1
Pele (tallest one),1
Beckham (square glasses),1
Beckhams/Peles,1
Professor Ross Eforp,1
Johnny's Mother,1
Jeremy and Eliza,1
Mechanical Mother,1
Doof & Rodney,1
"Rodney, Doofenshmirtz",1
"Doofenshmirtz, Rodney",1
"Phineas, Ferb, and Candace",1
Female ghost,1
Male ghost,1
Female Ghost,1
Zombie 2,1
Robotina,1
