Name,Dialog,Category
Buford,"I'm gonna do some prop comedy for you, and you're gonna like it! Okay, what have we got? Here's a...here's a house. For, uh...I don't know. A mouse or something. Here's a book. Hey, what am I...what am I supposed to do? Read? Next! All right, let's see what else we've got! Um, and here's, uh, um... Oh! An oyster shell, look! My...my mom went to a seafood restaurant...I don't have any...it's just...to me, it's just interesting. I'll put that one back in the box. What else we got? Oh, here we go. Look! A nerd to go with the book!",Info dumping
Buford,"I got this. Back in the day where men wore miniskirts ...wiggle wiggle wiggle...wiggle wiggle wiggle... ...Alexander the Great was vacationing in Gordion, when he came upon a celebrated oxcart that was tied to a post using a knot that was so complicated, it was impossible to untie. So he just sliced it in half in one bold stroke. A simple solution to a complicated problem, hence the phrase, ""Cutting the Gordian Knot.""",Philosophy
Buford,"I do! You see, for generations and generations, the Van Stomm family has been the guardian of the secret knowledge and protectors of the mystery capsule. We made the thirteenth-century Templars look like a bunch of wusses. And throughout the ages, our family has pledged our lives to conceal it from the unenlightened. And in doing so, we were entrusted with the only key that can unlock the capsule secrets.",Info dumping
Buford,"Yeah, we met, in Paris. It was a year ago, and I was taking in some of the local color, when I saw her, Brigitte. She was a beautiful French girl, and I was an ugly American. Which of course holds a certain mystique. With her I completely forgot myself. I read poetry, I wept at beauty, I clipped my toenails. For Brigitte, I even learned to speak the language of love, French talk.",Relationships
Buford,"Nah, nah! Don't try and confuse me with your sorcerous ways. There's nothin' I've ever seen that would make me believe you could pull this off. Except for that time-machine thing, and oh, and the rollercoaster! But other than that, nothin'! Oh, and the time you played that song when the platypus came back, oh... Man, nature just bends to your will, doesn't it?",Time travel 
Buford,"""I tried fitting myself with a raccoon. I stumbled through the world, seeking connection, but found only fear and scorn. I was so confused, til I saw my own reflection. I was a monster. I tried fillin' myself with garbage. I tried everything to change my appearance. To fit in. Nothin' worked. Until I tried a human host.""",Philosophy
Buford,"After that, I became the bully. And I wasn't afraid of anything or anybody. Except, you know, maybe a giant squid, cause-- Come on, those are freaky, right? All suction cuppy and beaky. But then, today...Biff and I decided to go for a swim. After a while, I couldn't hear him anymore. I got worried.",?
Buford,"It was easy actually. A lot of the root words are the same in Latin. But I can't let anyone know I have a heart, it'll ruin my tough-guy image. And believe me, the irony is not lost on me in this suit. Aw man, don't you see, if I get all gushy now, I'll be totally exposed! I can't stand it!",Relationships
Buford,"I'm sure you're wondering why I, Buford, have taken a leadership role in such a geek-centered enterprise. Well, take a look around! This place is crawling with nerds! I'm like a kid in a candy store! Plus, I relate to the character of Odaf Underhump and his complex emotional inner journey.",?
Buford,"Yeah, I bet you! And if you lose, you're gonna have to stand up in front of everyone and say that you are governed by the laws of physics and summer's not whatever you want to make of it. And what's more, you gotta spend the rest of your summer doin' nothin'!",science 
Buford,"No, no, no! Ohh, I actually thought we were gonna make it! I thought we were gonna do the impossible. For one shining moment...summer was whatever I wanted to make of it! Wait...this is my house! Hold on one second! I'm givin' everybody back their bikes!!",?
Buford,"Well, excuse me, but that adjacent area was founded by my great-uncle Otto H. Adjacent! He didn't wanna be no part of no Tri-State unification, and neither do I! The blood of Otto H. Adjacent runs through these veins, and blood is thicker than water!",Relationships
Buford,"Well, I don't know how we got here, but my stomach is rumbling. Now don't wander off, Chowdina. I'm gonna call ya ""Chowdina"", cuz, y'know, ya got chowdah in ya. And plus, you look like a Chowdina. Anyway, I'm gonna go bully up somethin' to eat.",food
Buford,"I don't see what everyone's so worried about. I got this system, see? You act any way you want all year long, but then right before Christmas, you do one big selfless act of kindness and Santa will wipe your slate clean. Works like a charm.",?
Buford,"Oh, Brigitte, I've spent years building up my tough-guy street cred. I can bounce back from the fuzzy bear suit, but being in love with a beautiful, sweet, exotic girl like yourself‚Ä¶ If people found out about that, my image would be fini",?
Buford,"Yeah, they weren't selling anyway. Not on my watch. Ah! The helium tank! Actually it's kinda ironic when you think about it. Not on my watch! Yes! The human shield tactic never fails. man, I knew I should have hung onto that laser.",?
Buford,"And you might wanna rethink that! I mean, it would be a shame if this double-Dutch chocolate mocha espresso you've been drinking, were to, say, I don't know, splishy-splash on all those pristine white lab coats you got back there.",?
Buford,"Yeah, and Helen could launch a thousand ships with her face! My favorite character was Achilles, the greatest Greek warrior of all time. He had this big fight with Hector. He was all, 'Wham! Bam! Stab! Stab! Stab!'",?
Buford,That was amazing! I never thought quilting could be so much fun! Think of the possibilities! Needlepoint! Embroidery! Tapestry! I'm headin' down to the fabric store right now! Broquet! Taffeta! Saddle stitch!,Info dumping
Buford,"Oh, and I made gourd helmets, by the way. Here. Here. No, wait, Baljeet, this is yours. Phineas. I like to think each individual's gourd helmet captures their unique essence in some way, you know, in gourd.",P and F
Buford,"So you lost your best friend, huh? Yeah, I know how you feel. I lost my best friend once. Little guy, all yellow-y and scaly. His name was Biff, turned into this whole brouhaha. I had to fight a squid.",Relationships 
Buford,"I can see how helping you take over the Tri-State Area would afford me many new bullying opportunities. But what's with the back-story, dude? I mean, who needs a special reason to boss people around?",?
Buford,"Like I said before, losing to a girl doesn't count. What I meant to say was I had a wonderful time. I guess you were right. Girls are just as good as boys. Thanks again. Woo-hoo! The F-Games rock.",?
Buford,"Yeah, we're out of credit at the emergency room. My mom said if I break one more bone, she's gonna break the rest of them! Fairly sure that was hyperbole, besides, look how hard that hydrant is!",Relationships 
Buford,"There are two things you should know about the Van Stomms. One, we always set our alarms on time, and two, if we don't, we show up early and take our lumps. We've even got a **song** about it.",Info dumping 
Buford,"Guys, can you settle an argument for us? Preferably in my favor? If a vegetarian becomes a zombie, would they start eatin' people? Mr. Smartyunderpants thinks they just keep eatin' vegetables.",Food 
Buford,"It doesn't matter anyway! Sooner or later, they're gonna figure out we're in here; then they're gonna come in here! They're gonna come in here and they're gonna come in here and they're gonna‚Äî",Info dumping 
Buford,"If becomin' one with nature means havin' to leave you behind, I want none of that! Hey, you, trash birds! That's right, ya dirty sky-rats! I've had it with yer stupid squawkin'! Shame! Shame!",?
Buford,"Oh, sure, two vegetable samosas! Why don't we all just dress like vegetable samosas? In fact, why don't we just all dress like mashed potatoes and take the word exotic right off the sign?!",Food 
Buford,"Aw man! Random green rays from the sky! I forgot about random green rays from the sky! Oh, no, not on my watch. Oh, man, I've run out of conveniently placed objects. Bingo. Coming through!",Science 
Buford,"What? I didn't take nothing out of nowhere. But, uhm, just as a hypothetical. Uh... What do you think would happen if say you took that goofy doohickey-thing out of the thingamawhatsit?",? 
Buford,"Look, some people tend to think I'm a bit harsh with these guys. But here's how I see it. DISGUSTING! UTTER GARBAGE! RAW SEWAGE ON A PLATE! It's really all about nurturing the talent.",Relationships
Buford,"Don't get too excited. I'm goin' to film school. I'm concentrating on tragedies. The story of a struggling orphan's transcendental search, for meaning in a post-apocalyptic society.",Philosophy 
Buford,"You know it's kinda nice to sit back and relax after all that manual labor. Uh-oh. Ahhhhhh! I've got a song about how Van Stomms fall from the sky too, but, it doesn't end well.",?
Buford,"What? No! I'm not gonna eat my friend. You're the best thing that's ever happened to me! And the third best thing that's happened to Volley-Baljeet, right? ""My face is blood.""",Relationships 
Buford,"And if by ""zoetrope"", ya mean a 19th century optical toy consisting of a cylinder with pictures on the inner servers that produce the illusion of motion, I'm not impressed.",Science 
Buford,"I've completely protected their invention from airplane snags, stray balloons, meteorites, flocks of wild gazelles, and giant cracks that form in the crust of the Earth.",Info dumping
Buford,"Tristan is not a flamingo, he's from outer space, and he's a whalemingo. But then he had to go home, and I never saw him again. Hey! What are you doin' with your hands?",Info dumping 
Buford,"And then you do this, and this, and this and this and this and this and this, and this, and this, and this, and this and this, and then this and this, and then that.",Philosophy 
Buford,"And that's how I won my goldfish. I named it Biff, after my mother. It was the happiest day of my life. I finally had a friend. But then I met the local bully.",Relationships 
Buford,"Okay, the throwin' was good! But when you grabbed my shirt, you didn't twist!! I swear, it's like in one ear and right out the other! Oh, oh! Baljeet, wait up!",?
Buford,"I think about you often, whalemingo. Especially when I've had spicy tacos just before bed. And your feathers, they tickle me in my dreams. Tristan! Tristan...",Food 
Buford,"Not hardly. I swiped this bad-boy from the orthodontist's section, to cut off stuff sticking out of the ride that could snag a passing plane as they go along.",?
Buford,"I always knew it would end like this. Like, specifically like this. Me being dragged off by the tentacles of giant sentient brains that used to be my friends!",Relationships 
Buford,"You got this, Candace! Don't get nervous and make a series of bad decisions that cause you to fail your driver's test and haunt ya for the rest of yer life!",?
Buford,"What's wrong with him? I feel like we've been hanging here for weeks. I mean, I got the brawn for it, but it's not like I don't have other stuff to do.",?
Buford,"""I only wanted a life, friends, family. And when I saw your friends, Candace, I saw you had everything anyone could want. I didn't wanna give that up.""",Relationships
Buford,"So then the seamstress walks back into the stateroom and says, "" 'Titanium'? I thought she said 'cranium'!"" Hahaha, yeah. Pretty good punch line, huh?",?
Buford,"That's good, 'cause I still got ya number! Or would that be 'numbers'? I don't know. Hey, Baljeet, which one would be grammatically correct? How rude.",?
Buford,"How should I know? They never showed up for me to return serve. That's considered a forfeit in catapult badminton, so I went to get some Victory Gum.",Info dumping 
Buford,"Teddy Boo Boo! Where have you been, you bad bear?! I bet you've been on the road again, haven't you?! Well, you're grounded, mister! Oh, I love you!",?
Buford,Ya know what I hate about The Unclimbable Mountain of Unclimbableness? Just to get there you have to cross the Uncrossable River of Uncrossableness.,?
Buford,"Oh, sweet, sweet closure. Maybe we'll even find the last shard, or face the Puzzle Master, or discover the identity of the man in really dark grey!",?
Buford,"Now they're headed for the junkyard. From whose gravitational pull, it'll be impossible to escape. Am I thinkin' of a junkyard, or something else?",?
Buford,"It's an interesting question you pose, as it reveals not only one's impulses and desires but one's deepest fears as well. I'll go with Belchman.",Philosophy 
Buford,"Fooled ya'! It's me, Buford! And my voice isn't horrible, it's raspy! You gotta spend hours screamin' in the closet to get it like this. Hours!",?
Buford,"Wait a minute! Okay, stay with me on this. She's empty and all alone in this world, right? Well, I know someone else who's empty and all alone.",Philosophy 
Buford,"And if you follow me now, you'll see Candace's recurring nightmares. Come on, people. Try and stay with the group. Hey, where are they going?",?
Buford,"Aaah, fine! I was feeling creatively stifled by you anyway! And you! You just cost me a perfectly good nerd! Maybe I'll make you my new nerd.",Relationships 
Buford,"Wow, it's all just one, big place. No Bi-State area. No Adjacent Area, It's all just one big Tri-State Area, right over there! Uh-oh. Mamma!",Info dumping 
Buford,"Farewell, Chowdina. Farewell. Chowdina, won't you say goodbye? Oh, that's right. Your voice was just a coping mechanism. ""Farewell, Buford.""",?
Buford,"Oh, oh! Can I blow a super huge one? So I can crawl inside it and float around like a little woodland pixie? Did I just say that out loud?",Info dumping 
Buford,"Alright, you two, let's get somethin' straight here. There'll be NO messin' with the Buford. Don't make no diff how many of you there are!",?
Buford,"Suddenly, from out of the shadows, the zombie bunny rabbit appeared and then he...ate up all the marshmallows!!! Numnumnumnumnumnunmnum!!!",Food 
Buford,"Nah, just messin' with ya. I found it on the other side of the fence. I saw it fall out of the lock when the capsule dropped from the sky.",?
Buford,Excusez-moi mon bon monsieur. Auriez-vous par hazard un soup√ßon d'huile de cuisson que nous pourrions utiliser sans nous d√©merder un sou?,food
Buford,"We were just...at the bounce house...down at the Meatloaf Festival...and...and I was there, you know, having a good time, and suddenly...",Food 
Buford,"The sun is on the meridian and the wind is blowing out of the southeast and temperature is the perfect balmy 75¬∞. Whoa! Thanks, Isabella.",?
Buford,"So what you're sayin' is that it advocates a mixed economy, where significant roles are played by the private sector, and the government?",Philosophy 
Buford,My mom always just throws all our leftovers into a pot and makes a giant casserole. It's best to just eat first and ask questions later.,Food 
Buford,"I don't want your life story. Grab a shield, come back with it, or on it. Irving, go get some more baklava, come back with it, or on it.",Food 
Buford,"Chowdina! What happened to the magic? Did I do something wrong? It's okay, Chowdina. Even if I have to carry you back, we'll find a way.",?
Buford,"Yes! He changed my life, you know. I used to be a wimp, like you. But then, one day, at the carnival, I was somehow drawn to this game.",?
Buford,This is it! This is how Stumbleberry Finkbat ends! The Man in Really Dark Grey swings in to rescue the Freakishly Long-Necked Princess!,?
Buford,"You gotta be kiddin' me! Who looked at this idea and said, ""Yeah, that'd be fun""?! Y'see?! This is what happens when we have no intro!",?
Buford,"Ladies, I was lookin' for some makeup to prank Baljeet, but I see now we're playin' truth-or-dare. Dare me anythin'. I only do dares.",? 
Buford,"And my eyes hurt from watchin' ya do it. Hey! What if we grew a giant banana, and made a giant peeler, so we'll only hafta peel once?",Food 
Buford,"Y'know, some days you're flyin' high on a green cloud of friendship magic, while others, you're fish food in the bottom of the ocean.",Relationships 
Buford,"What gets me is, why did the Trojan War take so long? If I were Achilles, I could've taken the city of Troy, like, in one afternoon.",?
Buford,"Well, we finally got to the musical part of the story. We all decided it was high time to teach the squirrels how to be squirrels.",Info dumping 
Buford,"Argh! One day somebody's gonna ask me for some obscure musical instrument, and it ain't gonna be there. What's gonna happen then?",?
Buford,"Okay, Sleepmaster General, it's 9:29. Hand over the skin-safe nontoxic markers so I can draw on your face when you fall asleep.",?
Buford,"Hey, Baljeet! Heh heh heh...heh...I'm so happy that I found you! I worry about you, you know. Because...you're my best friend.",relationships
Buford,"Eh, I'm more of a lingonberry kind of guy. Hey, you're back. I'll take a large pie with andouille sausage and chocolate chips.",Food 
Buford,"...to string up our Christmas lights, but she always forgets to take 'em down! So, year after year, he hangs up more, until...",Info dumping 
Buford,"Has it only been three months? 'Cause I've been adding up all of the things we built this summer, and we're way over one-fif‚Äî",P and F 
Buford,"Yeah, yeah, main title, whatever. But I think I see the potential. Like, you could use them to make a giant birthday paddle.",?
Buford,"I'm just sayin', ev'rything the guy owns is black! You think maybe... What? Oh, there's somebody doin' somethin' over there.",?
Buford,"Sorry, Dr. Doothenasia. But there comes a time when you don't wanna bully everyone. You just wanna bully someone you love.",Relationships 
Buford,"Yeah! Couch! I couldn't think of the word! There's also this big metal device labeled ""vaporizer-inator"". But it's broken.",Science 
Buford,"We could tie each of you to a monster truck and drive in opposite directions. Worst-case scenario, someone loses a torso.",Relationships 
Buford,"I'll be the judge of that, step aside. This better be worth a quarter. Ooh. This is so exciting. Let me catch my breath.",Info dumping 
Buford,"Ah, no can do, Dinner Bell! It's family day, and the Van Stomms from the low countries are visiting. Buford is outie, G!",Relationships 
Buford,"Found this perfectly good robe just lying around. Has one hole, right here. Hey, look what else I just found! My hoagie!",Info dumping 
Buford,"Oh, come on! It was so obvious! She came over to your house every day for eleven years, just to see what you were doin'!",Relationships 
Buford,"Yeah, it's pretty mega, but is it really grand finale material worthy of these two guys? I just made it weird, didn't I?",P and F 
Buford,"Good job, cadets! Now, back down the tree. No, not like that! Head first! Sheesh, it's like I'm talking to myself here.",Relationships 
Buford,"And even though it was funny, I still kinda wish that the bounce house was still there. You know, for the little kids.",?
Buford,"Her loss. The Van Stomm's ""Accept a Challenge"" song has a killer bridge. It goes to an F sharp minor, in the key of G!",?
Buford,"No! Listen up, wave! You're not takin' her! For Chowdina, I'll bully the laws of nature into submission! Shame! Shame!",?
Buford,"Well, I'm no scientist, but dere's a big rectangular upholstered object... I'm gonna say mid-century modern, kinda...",?
Buford,"Well, you're the only one here to talk to. Except for Volley-Baljeet. ""I do not use contractions."" Buford so hungry.",Food 
Buford,"Brain teasers, huh? Alright you do all the ones that rely on brains, and I'll do all the ones that rely on teasin'.",?
Buford,Look at what Baljeet did to my candy bar. He got his peanut butter on my chocolate. Look at this mess! Look at it!,Food 
Buford,"There they are. I thought we'd never catch up. Goin' old school this year, I see. Sweet. No costume, huh, Candace?",?
Buford,"Hey, everybody, what say we put aside our differences long enough to enjoy this unexpected, comically large wheel?",?
Buford,"First, let's get one thing straight: I'm not crying. I'm just sweating through my eyes. And second...I lost Biff!",Philosophy 
Buford,"That was cool! I didn't have to do anything! The outfit did all the work! Whoa Phineas, which way are you facing?",P and F 
Buford,"Hold your words, outlander! Once Odaf Underhump has made a hasty and ill-informed decision, he cannot be swayed.",?
Buford,"What does it look like? I'm running away, hoping that while the monster is busy eating my friends, I can escape.",?
Buford,I'm workin' my way through everyone in Danville. It's a callin'. Here ya go. I gotta buncha Candaces right here.,?
Buford,"No, no, no, no, no! Ya gotta have pranks! Prank calls, Prank Sinatra, prank hand in warm water, stuff like that.",?
Buford,"Oh, look at the little guys, they're like little bullies! I am both proud and ready to soil my pants in terror.",?
Buford,"Hey, I got the legs for it. Ah, New Mexico. My great grandfather once saw something mysterious in New Mexico...",Relationships 
Buford,"I wuz just thinkin', wouldn't it be cathartic ta pound a buncha carnivorous plants inta submission with a book?",?
Buford,"I know what we're gonna do today! We're gonna build a stick-throwing target practice arena! Hey, where's Perry?",?
Buford,"Of all the clearings, in all the woods, in all the world, she had to walk into mine. Tell me she was deported!",? 
Buford,"You know, this smoothie isn't really unusual or exotic. It's about as exotic as a stay-cation with Aunt Meryl!",Food 
Buford,"Fine, for the record though, it's the ""Be Prepared for Every Eventuality"" song. It's in the imperative tense.",? 
Buford,"Oh, Ferb says I should tell you we're about to start washing the house, and you can help us out if you want!",P and F 
Buford,The forest is crawlin' with patch-crazed Europeans and I'm a bear in the woods. What do you think I'm doing?,Philosophy 
Buford,"No! No, you should not! I used my now vastly superior intellect to build the world's largest wedgie machine!",?
Buford,"Wait a second. I coulda eaten the coconut! Eh, too much work. Sorry, stomach. Turns out I'm a poor provider.",Food 
Buford,"If that parade makes it to the end, my hopes for the Adjacent Area secession are through. I gotta stop it.",?
Buford,"Huh, that's Swiss-picious! Well, I did it! A hundred cheese puns! Oh, and look, there's Perry! And, scene.",Food 
Buford,"You're lucky the gross factor outweighs the science factor, or you'd have a one-way ticket to wedgie town!",Science 
Buford,"Took a few tries there! If I were thinking, I woulda just pressed this ""fly"" button. Oh, that kind of fly!",?
Buford,"Whoa, that's weird. I could throw balls no problem. Watch dis! Dat can! Dat mosquito! Dat Hadron collider!",Science 
Buford,"Sorry to come back empty-handed, Chowdina. This whole food chain thing is more complicated than I thought.",Relationships 
Buford,"My chiropractor recommended it. It's just as humiliating as a half-nelson, and easier on my tennis elbow.",?
Lion-Tiger-Bear Guy (Buford),"I see you're into spider webs. Sure, they're classic, but overdone. We see you as more of a modern witch.",Science 
Buford,"I got a pail of water, and a nest to make comfortable. I figure I can keep him in my garage 'till spring.",?
Buford,"There are no friends in these halls, Phineas. There are only my people, and those who must be destroyed.",P and F
Buford,"Man, these family reunions with our traditional custom of felling a tree together can get awfully tense.",Relationships 
Buford,"Little Master, Little Master, I finished color-coding all of your overalls. Whadaya want me to do next?",?
Buford,Singular goodness. Why don't you grab your peanut butter and your swimsuit and meet me at the flagpole.,Food
Buford,"I thought they only served subpoenas! Oh, come on! What's a guy gotta do to get a rimshot around here?!",?
Buford,"All right, fine. Let's see. Tuesday, 9:00 am, Phineas and Ferb's backyard. He's late, but it's on here.",P and F 
Buford,No girl has ever beaten Buford. Watch and learn. It takes a highly trained eye and a quick wrist to...,?
Buford,"Uh...wait a minute. I got an idea. Hello, folks! I'm Mr. Sock! Hey! Who turned out the lights? Thanks!",?
Buford,"Oh, yeah, it's the perfect romantic setting out there. It'll be like love kicked 'em both in the face!",Philosophy 
Buford,"Stop! Knock it off! She's a semi-sentient, rubber, livin' thing! And who are we to take her life away?",Science
Buford,"In fact, it was the ancient Tunisians who actually developed many of the techniques still used today.",science
Buford,"Ha, I bet you didn't see a Trojan T-rex with laser cannon mouth, and laser cannon eyes comin'. Didja?",?
Buford,"People would come from miles around to see 'em. Or at least they would have, if he ever finished one.",?
Buford,"Okay, okay! You're strong and cocky and dominatin' like Captain Dirk. Just play the next one. Please?",?
Buford,"Oh! Oh, oh, hah, and funny! Hahahahaha! And funny! Heh. You know, 'cause, 'cause, the funnies! Hehe‚Ä¶",?
Buford,"You're wastin' your time. There's nothin' here but grass. Grass and this...key! Ah. Oh, that's good.",?
Buford,"Yeah, who would've thought that three completely disparate elements would go together so seamlessly?",Science 
Buford,"If you diss aglets one more time, I'll fray your head so bad, it won't fit through your shirt hole!",?
Buford,"You know, my horoscope said I would be riding an ox today. But I thought it was a figure of speech!",?
Buford,"A quilt?! No way! I mean, I know it's been a long summer and you guys are running out of ideas and-",Info dumping 
Buford-2,"So far, I'd rather be breakin' rocks for the state. But, in all fairness, I do love breakin' stuff.",?
Buford,"Well, why don't you ask it, Kierkegaard? What? Existentialist Trading Cards. It came with the gum.",Philosophy 
Buford,Is that a challenge?! Because you should know that we Van Stomms never back down from a challenge.,?
Buford,"Yeah, it's every girl's wish to have her backyard covered in litter. Let's go you two. Next event.",?
Buford,"Okay-okay! How 'bout a super-super duper-duper-duper Rollercoaster? What, too much or not enough?",?
Buford,"I don't get why this stuff is called ""sorbet""? Ain't it just a fancy people word for ""ice cream""?",Food 
Buford,"I've carried a lot of squirmin' bags in my time, but this is the first time I knew who was in it.",?
Buford,"Oh, come on! You're totally green! For example, when you grab somebody's shirt and lift 'em up...",?
Buford,"There's a control doohickey on its head. If we smash it, it should be lights out for the big guy.",?
Buford,To heck with this game! I'm just gonna chill here for a while. Hey!!! Who's pullin' on my rope?!,?
Buford,It's like makin' pancakes. Ya gotta make more than one to get some good ones. Duh. Dat one dere.,Food 
Buford,"Well, I don't believe and therefore it's impossible. And what's more, I'll bet you can't do it!",Philosophy 
Buford,My people have much to learn from your people. You must tell me how to shoot a blaster someday.,?
Buford,"What kind of person hands out these weird, orange peanuts? We gotta find a better neighborhood.",Food 
Buford,"Whoa, dudes, what's with all the junk in your backyard? It's like an obstacle course back here!",?
Buford,"Lemme talk to her, guys. I speak sullen. Candace messed up and now Jeremy's birthday is ruined.",?
Buford,I don't care what Freud said about your selfish need for satisfaction. You're alright with me.,Philosophy 
Buford,I've been burned one too many a time. Maybe it's the universe telling me it's not meant to be.,Philosophy 
Buford,What we're doin' is never gettin' the ending of Stumbleberry Finkbat! That's what we're doin'!,?
Buford,"Help, my nerd is stuck in a tree! Look, it's your favorite calculator and some math problems!",Relationships 
Buford,"Ta-da! I switched my body for a dummy of myself, that Ferb climbed into when you looked away.",P and F 
Buford,"Hey, guys, I just realized somethin'! I'm the only fly in a prison full of frogs and lizards!",Philosophy
Buford,"If by ""catchy"", you mean ""sucks the life outta the room and makes me wanna puke""...then yeah.",?
Buford,Why are we building this thing again? Pretty sure the prevailing wisdom is reading is boring.,Philosophy 
Buford,"I don't know much about the food chain, but I do know that Van Stomms always come out on top.",Food 
Buford,"Here's Ferb's, here's Phineas's, here's Isabella's... And here's, uh... A recumbent? Really?", P and F
Buford,"Here, put these on. They'll help me remember your names while we're workin' on my invention.",Science
Buford,"Uhhh...oh no! If I catch the mug what did this...Yeah I'm on it! Okay, if I just pull on...",?
Buford,I've always told her: Don't ever make Phineas angry. You wouldn't like him when he's angry.,P and F
Buford,"Not a pharmacist in sight. Now's as good a time as any to rush in blindly, don't you think?",?
Buford,"Yeah, like for dinner. Little bit of garlic, a little bit of butter, brains are delicious.",Food 
Buford,"Spread out, you two! Spread out! Right here is where I do my best commenting and quipping.",?
Buford,"""My first memory is waking up, alone and limp, and cold. I was an empty shell, literally.""",Philosophy 
Buford,"It's okay, Chowdina. We're gonna make it through, somehow. This should help with the rain.",?
Buford,"He didn't bribe me. He just caught my attention in a monetary fashion. Now, back in line.",Philosophy 
Buford,"Hey, remember how we did that super Rollercoaster? How 'bout a super duper Rollercoaster?",?
Buford,I found these catering trays from the giant picnic and this parachute from the drag race.,Food
Buford,I'm in! Can we shoot Perry with it and bounce him around the backyard like a plat-a-ball?,?
Buford,"Why do parents buy such weird food? Everything's 'lite', 'low', 'non', 'free', or 'diet'.",Food 
Buford,"I dub thee ""The Buford van Stomm Time Catapult"". I won the naming rights fair and square.",?
Buford,"Yeah, I don't remember imbuing the suit with the gift of life. I think I'd remember that.",?
Buford,"Great. It's boys against girls. And to give ya a fair shot, I'll even take Shrimpy here.",?
Buford,Watch this trick. Voila! One cell phone transformed into miscellaneous electronic parts!,?
Buford,"Woah woah woah! We're just startin'?! No‚Äîno intro, nothin'?! Just gettin' right into it?",?
Buford,"Leave me my simple pleasures. Now Ferb, destroy Troy! This is why I got Ferb on my team.",P and F 
Buford,You guys do chores?! I'd think you'd build a small army of drones to do the work for ya!,?
Buford,"Ugh! Hey, this is butterscotch ripple! Is this your first day on the job or somethin'?!",Food 
Buford,"Little Master, I've washed all your dust jackets and dusted all your cold knick-knacks.",?
Buford-2,"I used to be in the Resistance, but I got so good at it, that I started resisting them.",Philosophy 
Buford,"You created me, Garbage-zilla! And now, puny humans, Prepare to be trashed! Whoa! Whoa!",?
Buford,"Good luck, little guys. I'll think of you whenever I get a rabies shot! Which is often.",?
Buford,"Well, if this thing's the problem, maybe we should press this big self-destruct button.",?
Buford,Let me explain through a brief flashback and not-so-brief monologue about my childhood!,?
Buford,You think your machine can find my long lost teddy bear? I got his picture right here.,?
Buford,"Nope. It'll only make me wanna hurt you, which will counteract my one act of kindness.",Relationships 
Buford,"Nice? Ah, now I gotta go do some'in' to balance out the universe. See ya' on the news.",Philosophy 
Buford,"Hey, if anyone's gonna ride this thing, it's gonna be me. Not one of you lousy extras.",?
Buford,"Yeah, I was walkin' out in the middle of the woods one night with my lucky tambourine.",Info dumping 
Buford,Ice cream fell on you! Now we're both humiliated in public! Whaddya say? Even Steven?,Food 
Buford,"No, it's-- Oh no, it is desertion. Irving get over here. It's time to execute Plan B.",?
Buford,"So, where's Klimpy? Don't tell me he ditched us for one of those swanky afterparties.",?
Buford,Ya didn't think it was weird when I used it to save ya after ya turned into a liquid.,?
Buford,"Knew it! Prime for drawin'! Even better, maybe I can borrow some makeup from Candace!",Info dumping 
Buford,"Yeah, that's toothalloons. And I'll lock it all down, and make sure it doesn't move.",?
Buford,"Oh come on, couldn't a gathering just as easily turn into a shindig or a hootenanny?",Relationships 
Buford,Of course! So I'm puttin' an end to this before it breaks into song! Where's Perry??,?
Buford,Whatever. Have you come around yet to appreciate the rustic beauty of the Wild West?,?
Buford,"Didja try kissin' both of 'em? What? That's what I'd do. Heck, I'll do it right now!",Relationships 
Buford,Are you tellin' Irving about how you're the unsung intellectual giant of the group?!,Philosophy 
Buford,Wow! I never thought the process of growin' a berry that big would be so disgusting!,Science 
Buford,"Isabella, I'm all puppeted out! Let's say we take a little break and get some eats?",?
Buford,"Baljeet and I tried to untangle all these Christmas lights, but it was to no avail.",?
Buford,Oh. Zoom in on the swirly thing. my gut tells me that's where the whalemingos are.,?
Buford,Hey you guys! I can see my thoughts! They're all sparkly and spread out around us.,Philosophy
Buford,"Yeah, we're gonna need a bigger army. Irving, break out my recruitment fustanella.",?
Buford,"Yeah, yeah yeah, you're in. Get a shield. Come back with it, or on it. Next! Name?",?
Buford,Cool! It actually worked! Who's my little platypus clone? What was that all about?,?
Buford,"Hey Baljeet, check this out! It's a kite, but it totally looks like a pirate ship!",?
Buford,I told ya we shoulda made 'em outta bricks! Did those three pigs teach us nothing?,?
Buford,"Physics camp? Yeah, you're better off. Hey, Candace, why did you join the Empire?",Science
Buford,"Come on, you freaks! Fresh meat! Yippee-ki-yay, you pharmacist freaks! Yippee-ki‚Äî",?
Buford,Sorry we're late. We went through the car wash 13 times with my Crazy Uncle Oslo.,?
Lion-Tiger-Bear Guy (Buford),"Hey! What are you doin'? Ow, ow, ow! I can't believe I'm doin' this for nothin'!",?
Buford,Mmmm. I am to metaphor cheese as metaphor cheese is to transitive verb crackers.,philosophy
Buford,Life's not fair. Earlier today I just missed hitting this kid with a basketball.,?
Buford,It's a nerd carrier. I had a heck of a time getting him in. Scratched me all up!,?
Buford,"Well, Hurry up and think of somethin', I'm gettin' tired of hanging around here.",?
Buford,"Gimme that thing! I got an opener that can open anything! ¬°Para usted, se√±orita!",?
Buford,I'm filling in for Isabella while she's visitin' her grandparents in New Mexico.,?
Buford,"Yeah! And when you're hungry, you crack your knuckles! Oh, baby, that's good...",Food 
Buford,"'Cause cheese is cool no matter how you slice it! What, am I provolone on this?",Food 
Buford,"Sure, you get the fun part. If I wanted to oil feet, I could've stayed at home.",?
Buford,And I'll be the great Achilles. And I'll be all; 'Wham! Zam! Stab! Stab! Stab!',?
Buford,Wait a minute! What happened to that spiky thing?! What happened to the Earth?!,
Buford,"I'd better not taste any chicken then, loser. All right, you survive. For now.",Food 
Buford,"I will empty my mind of all thought, except for Baljeet. There, that was easy.",relationships
Buford,Leg of carrot! What? Your carrots don't have legs? Where do your parents shop?,Food 
Buford,"Hey, the epic struggle of a triangle-headed boy to choose between two schools.",School 
Buford,A poor man's Edgar Allan Poe. Who added bugs to mask all the borrowed imagery.,Philosophy 
Buford,YEAAAAAAAHHHHH!! WHOA! YEAH YEAH YEAH YEAH!!!! DREAMS DO COME TRUE!!! WOOHOO!!,Philosophy 
Buford,"Regardless of how got here, we gotta eat to survive. So it's back to the hunt!",Food 
Buford,"Sure, it's like when you have two sets of keys. And you keep one in your car.",Philosophy 
Buford,"Yeah, right next to a box of scorpions, which is what I wanted to bring over.",Info dumping 
Buford,I guess my pizza orders isn't goin' in. WON'T SOMEONE THINK OF THE BUFORD?!?!,Food 
Buford,"Yeah. Because it's boring. Whereas a Bread Bowl Hot Tub, on the other hand...",Food 
Lion-Tiger-Bear Guy (Buford),"He's right. There's a zipper right back here. Hey, let me get that for you.",Relationships 
Buford,It is the ephemeral nature of things that make them all the more beautiful.,Philosophy 
Buford,"Oh, man! I've never been so happy when it wasn't at someone else's expense!",philosophy
Buford,And then uses the last shard of Darkling Tower to defeat the Puzzle Knight!,Info dumping 
Buford,All right. How about I give you back your bike I took when we were little?,Relationships 
Buford,"""Love is a canvas furnished by nature and embroidered by the imagination.""",philosophy 
Buford,I am to metaphor cheese as metaphor cheese is to transitive verb crackers.,Food 
Buford,"I don't know, I kinda like her like that. She looks like Cand-berry sauce.",Food
Buford,"No no, I'm in! I'm in! I don't wanna play alone. I'll turn into a cat-kid.",Relationships 
Buford,I'll bet he's hungry. I totally sound like that when my blood sugar's low.,Food 
Buford,"Look, I just lost my nerd! I'm not gonna lose the rest of my friends, too!",Relationships 
Buford,"Oh, okay. Let's focus on what Phineas and Ferb wanna do. We never do that.",P and F 
Buford,"But, Chowdina, you cant't go! You're my bread bowl hot tub! And my friend.",Relationships 
Buford,Lemme say it! Lemme say it! Bread! Bowl! Hot tub! It's finally happening!,Food 
Buford,Buford is doing great! I just hope we'll be able to find my friend Biff.,Relationships 
Buford,"Ohh, I have disappointed you, Little Master. I will strive to do better.",Relationships 
Buford,"There you go, little buddy. You're all safe now. Let's get out of here.",Relationships 
Buford,I'd like to see a shark! I hear they're the toughest fish in the ocean.,Info dumping 
Buford,And that's what would happen if we grew magnets under the Earth's core.,Science 
Buford,Whoa! That's funky! Doze are da weirdest-lookin' plants I've ever seen!,Info dumping 
Buford,What? Your Mom wants a super computer? What is she? Some kind of nerd?,Science
Buford,"Well, there's so many people behind the scenes that deserve a mention.",Relationships 
Buford,"Yeah, and ours has red pepper flakes and little tubs of grated cheese.",Food 
Buford,"I knew you'd rise to the occasion, pal. You just needed a little push.",Philosophy 
Buford,You're not on the list. You should have made a reservation yesterday.,Info dumping
Buford,And I'm down to my last potato chip! Better make this bad boy last...,Food 
Buford,Wow! I totally thought that shadowy figure was gonna be Slamm Hammer!,Info dumping 
Buford,"Eh, could use a little somethin' more. Dere it is, but where's Perry?",Food 
Buford,"I'm just workshoppin' this okay? Here, for scale. Bread Bowl Hot Tub.",Food 
Buford,"Hey, Dinnerbell, that was the best battle ever. Same thing tomorrow?",Food 
Buford,"Hey, maybe you could make an hourglass and watch the time slip away.",Philosophy 
Lion-Tiger-Bear Guy (Buford),"Alright!! I'll take something! Ooo, a ham sandwich. I did want that.",Food 
Buford,"Beatrice, no! You gotta stop doin' that! You're making this so hard!",Relationships  
Buford,Now those are some transportational logistics that I can get behind!,Science 
Buford,"Hey, guys, the only thing that would make this show better? Popcorn!",Food 
Buford,"Don't worry, little ducky thing, we're gonna take good care of you.",Relationships
Buford,"I'll just fluff up your pillow, then! Little Master? Little Master?",Relationships 
Buford,"Either way, you might want to put on some waterproof undergarments.",Info dumping
Buford,"Yeah, and maybe we can pick up some Greek frozen yogurt on the way.",Food
Buford,"Just remember, Baljeet, the captain always goes down with the ship.",Philosophy
Buford,"Dis is awesome! I feel Mom power! Go to your room! Oh, what a rush!",Relationships
Buford,"Funny, I noticed none of the ladies in your family like to look up.",Relationships
Buford,"Move over, nerd. This is a job for brash, unthinking muscle. Oops.",Relationships