Name,Dialog,Topic
Baljeet,"Okay, this paper towel represents the space-time continuum. Normally, it moves in a straight line, (he puts the paper towel on a hook) but something has disrupted the flow. Now time cannot move forward and it puts enormous strain on the fabric of time (tears the paper towel) and tears the fabric! So now there is a little less space-time fabric to work with. The days are getting shorter. Now, you take this shortened piece of space-time (puts the paper towel on the hook and tears it again) and loop it again. Do this enough times (crumples the paper towel and puts it in his pocket) and pretty soon you do not have anything left. What I cannot seem to figure out is what could have possibly caused the space-time disruption in the first place? And an even bigger conundrum is how Candace is standing outside of the space-time interruption and somehow knew about its effects.",Science / Inventions
Baljeet-2,"That's Dr. Baljeet to you. Were you not listening? Here is the crux of your problem. Think of the universe and all of the many dimensions as circular. The energy flows between the dimensions like this, clockwise. Say this is your dimension, and this is our dimension. You traveled with the flow of energy, so going clockwise would be easy. Going counterclockwise would take 8 million gigawatts of energy, overloading the local power grid. I have prepared a little song to help illustrate my point. (he plays an accordion)",Science / Inventions
Baljeet,"Right? Then I started thinking about how important it is to make the right decision on everything! You see, every choice carries with it its own potential timeline. So every decision I make effectively nullifies the possible future! I can not even choose which flavour of ice-cream to order. If I choose vanilla, that may set me on the path to the presidency. But if I have strawberry, I could get hit by a bus!",Science / Inventions
Baljeet,"Okay, everyone. Please return your seats to the upright position, and please do not panic. As you can see the Paper Pelican is dissolving in water, because it is, after all, made of paper mache. But do not worry, because your seat cushions also function as flotation devices. Thank you for flying with us.",Science / Inventions
Baljeet,"Stabby Barf Pain is the name of a theoretical fifth season that combines the best aspects of the other four seasons, winter, spring, summer, and fall into one! Flowers bloom as golden leaves fall from trees. Warm sun shines as beautiful snowflakes fill the air. A fifth season beyond all expectations!",Philosophy
Baljeet,"I signed up for a class called ""Summer Rocks,"" believing it was a geology course. It turned out to be a rock-and-roll camp, and no matter how hard I study, I just do not rock! I could actually get an e- (tries to say ""F"") an- Oh, I can't even say that terrible letter. Ineas! Erb! What am I going to do?",School
Baljeet,"(growls) That is it! I can put up with noogies, wedgies, wet willies, and even the fact that you apparently placed a tracking device on, or inside, my person, but I will not tolerate your ignorant decision to take plastic over paper! From this moment on, I am no longer your nerd!! (storms out)",Relationships
Baljeet,"NOOOOO! If time stops looping, there will be no big tears in the fabric of space-time and no way for us to get home. We must find a way to get ourselves and that machine through one of the rifts and back into Danville. Then we can push the button and blow up the machine.",Science / Inventions
Baljeet,"I have! You see, the greatest impediment to making astronomical observations, is our atmosphere. It is like looking through pea soup! So to make our terrestrial telescopes more effective, I am going to take all of the Earth's atmosphere, and put it on the moon! (shows poster that shows what he's saying)",Science / Inventions
Baljeet,"Hello, everyone. I was just cleaning my room and I thought I would return some of the things Ferb lent me. Your cowboy hat, your baseball mitt, your banjo CDs, your American flag unitard, oh, and here's your bald eagle. (Gives all the things in order and when Baljeet says bald eagle, it flies away) Oh, and Phineas, here is your sack.",Phineas and Ferb
Baljeet,"(Narrating) In 1903, my great-grandfather was leading a bicycle race, when he fell into a tiger pit. Years later, my grandfather skillfully avoided the tiger pit, but sadly not the tiger. Then, my father was confident he had outsmarted the tiger, but he was wrong.",Infodumping
Baljeet,"I was just giving Buford some pointers on collegiate life. Since I've already graduated and been accepted as a professor, I could pull some strings and get him into my school. (to Buford) Just think, Buford. You could be my student! I would be the boss of you!",School
Baljeet,"Excellent! And I have repurposed my portable particle accelerator science project (which took second place? Hello?!) to track Mrs. Flynn-Fletcher's essence. Even under optimal conditions, I calculated she can only hang together for another eight minutes and forty-seven seconds!",Science / Inventions
Baljeet,"I did. (Clears his throat) We Speckies vow to live in peace and harmony with you Finkies. All we ask is that you admit Space Adventure is much better than Stumbleberry Finkbat, and that you have brought eternal shame to your families forever believing otherwise.",Infodumping
Baljeetolas,"Listen, here is how it works. By observing the swamp, logic tells me that it is too big to go around. And by gathering information about it from Isabel, I can logically make assessments about the best way to get across. Are you following me?",Science / Inventions
Baljeet,"Well, that was very entertaining, but that is all I had time scheduled for. (notices how high they are) Oh, wait. You are already airborne. And I am already still with you. (begins to panic a little) I can not believe this! My schedule is totally blown! I am going to miss my polka recital!",School
Baljeet,"Well, first, I would like you to iron all of my books, then perhaps polish my retainer, then you can start my college applications. Massage my toosties. Sew my name onto my underwear, organize my book reports by subject. Ooh, build me—",School
Baljeet,"The diameter of the sun can be calculated from the distance between the Earth and the sun. Since we know the time taken by the Earth to go once around the sun, p=1 year, and the distance traveled by the Earth in this process, 2πa...",Science / Inventions
Baljeet-2,"(pauses) I know, it needs a chorus. Anyway, without the 8 million gigawatts, you would have to go clockwise, the long way around. Theoretically, you would get home, but there is no telling how many dimensions you would have to go through.",Science / Inventions
Baljeet,"Actually, I can think of many things that I can not do. Flying comes to mind. Also putting my foot behind my head, but it occurs to me that you're speaking hyperbolically. So point taken, Greg LeMond! I'm going to win this race!",Infodumping
Baljeet,"(outraged) I do not believe this! I wasted all this time in a class without grades?!? Aohhhhh! If only there were some other kind of outlet for me to express these feelings to my like-minded peer group! (comes to a realization. peeks at the stage than to Coltrane.) Pardon me! I want to try something! (Runs and stomps onto stage. Their song ""Gimme a Grade"" plays. As they continue with the song, the audience sway and move their heads along with the beat.)",School
Baljeet,"Huh? Oh, sorry. I am too preoccupied with today's wild fluctuations in the space-time continuum. With pressure readings like this, I could potentially get sucked into a rift. And then none of you would remember I ever existed!",Science / Inventions
Baljeet,"(over radio) Phineas! Good news, I have the device that turned your mom into the cloud and I am trying to reverse it! But the battery is not working so we are having to run an extension cord from your house. Can you get the Mom Cloud here?",Science / Inventions
Baljeet,"Now Buford, your mindless bullying may have a rustic charm stateside, but now we are in Europe. A place of high refinement. So let me do all the talking. (They go inside a restaurant and speaks with a man in a different accent) Excuse me, sir. Would you have any used cooking oil that we could have?",Relationships
Baljeet,"Because today is the Tri-State Area Unification Day! I learned all about it in Assimilation class. You see, the Tri-State Area was the bi-state area until our founder, the great John P. Trystate, uttered the immortal words:",School
Baljeet,"W-what? Uh, uh, oh. Thank you. (Flashlight switch flips; Wolf howls) Well, this is a story about a kid who comes to this country, and goes to camp. He, like, has to share a tent with a bully. It's really quite terrifying, actually. Quite terrifying. (Crickets chirp; Flashlight switch flips)",Relationships
Baljeet,"Technology like that is twenty years away; you will need a time machine. Luckily, I have been working on a design. I have not figured out all the quantum physics yet, but if you give me a couple of days...",Science / Inventions
Baljeetolas,"I have an idea. I think I have a way to get you across this swamp. I have been working on a way of solving problems by the process of deriving reliable generalizations from observation. I call it ""logic.""",Science / Inventions
Baljeet Replicas,"(All at once) He is always giving us a hard time...He says he is our friend! Would a friend steal your bike?! To be fair, he stole everyone's bike...And what about the time he drank all the water out of our fish tank?!",Relationships
Baljeet,"Based on his extensive history of malapropisms, I would say that he is talking about the Chupacabra, the Latin American goat sucker, that is said to haunt the deserts of Mexico and South-Western America.",Infodumping
Baljeet,"Useless Shoelace Facts, Volume 8. ""The plastic or metal tip on the end of a shoelace is called an... aglet. A-G-L-E-T. It is one of the most useful, yet tragically ignored inventions in all of history"".",Infodumping
Baljeet,"Well, they must have disappeared through a temporal rift. If we could calculate the location of the next rift, we could just throw in a rope with a life preserver tied to the end of it and pull it out.",Science / Inventions
Baljeet,Yes. They do a tail-wagging dance to alert each other to a source of food. (in background) The waggle explains the angle to the destination in relations to the imaginary line between the sun and the door of the hive.,Science / Inventions
Baljeet,"Actually, most would consider dragon-fruit to be that exotic, indeed. (Buford starts to imitate Baljeet) Known for its dazzling flowers, it is actually the fruit of several... (Sees Buford mocking him) What are you doing? St-Stop that. Uh-Ah-buh- (Baljeet starts drinking his smoothie, and Buford mocks him doing that as well) Stop that.",Science / Inventions
Baljeet,"And it is so simple! I can use an ion coupling device to attract each atmospheric molecule to the second greatest gravity source, which in this case, is the moon, and after the initial impact...",Science / Inventions
Baljeet,"...and at the destabilization point, the vortex collapses in on itself, and it becomes an actual ""hole"" in space-time, sucking the nearest person or object into it and they are lost in the void.",Science / Inventions
Baljeet,"Phineas and Ferb, days ago, you helped me build a portal to Mars. Now, I beg you to help me win the Biggest Watermelon Contest at the festival. Help me, Phineas and Ferb. You're my only hope! (Looks around and then turns off his hologram)",Phineas and Ferb
Baljeet,(goes over to the dandelion and picks it) Hmm... (drawing on the fence) Two point seven-three-two times ten to the twenty-sixth power of particles. But I could not tell you the exact location of any of them because of the Heisenberg uncertainty principle,Science / Inventions
Baljeet,"Well, I got kicked out of summer school because my grades were too high. But then I heard about this place! Sure, they break you down and strip you of your identity, but school is school.",School
Baljeet,"It looks like the next anomaly will appear any second now. I am working on the exact coordinates, but there is significant interference. It looks like there may be multiple rifts coming.",Science / Inventions
Baljeet,"From my observations, Candace's instability stems from her desperate need for attention, which she clearly is not getting from her mother. It is no wonder Candace is crying out for help.",Relationships
Baljeet,"So after hiding in the bathroom, I jumped out the window and came over here as quickly as possible. I do not even know how to act in front of a girl! I do not even know what girls like.",Relationships
Baljeet,"Oh, no! The portal is broken! Ooh, now I will not get a good grade at the science fair tomorrow, and, uh,... there's also the issue of your sister stranded on a distant, barren planet.",Science / Inventions
Baljeet,"Ghosts, there is no such thing. Look! My EMF readings are three milligauss. Normal background radiation. And when we point it at the room, it is also... Well, that cannot be right.",Science / Inventions
Baljeet,Buford! You're completely disrespecting this classic song. You're ignoring the historical context! King Wenceslas was a great man. You have no idea what this song is about!,Relationships
Baljeet,"No! There is always a way! Isabella teaches the emergency preparedness class for the Fireside Girls. She could build a generator in her sleep. Is that not right, Isabella? (who is not here)",Science / Inventions
Baljeet,"Actually, you did, too. Since our planet's orbit of speed around the sun is 67,000 miles per hour and you are on its surface and speeding around the sun as well. (Buford spins the hat on Baljeet's head.) Quit it!",Science / Inventions
Baljeet,We are so privileged to be here in this strange and beautiful place. To think that the greatest minds in history have been searching for Atlantis for thousands of years.,Philosophy
Baljeet,You are missing the point! I do not know that if I chose strawberry I would get hit by a bus! I am just saying that every decision we make has unforeseen repercussions!,Philosophy
Baljeet,"This place must exist outside the flow of time. Candace, you were the only one of us outside the loop. Were the looping intervals decreasing in chronological amplitude?",Science / Inventions
Baljeet,I have an idea. (Wipe to him later on) Phineas and Ferb made me this 3D projector. I can project one of their projects right into the yard here. Your brother will think they just built it.,Science / Inventions
Baljeet,Your blueprints are 97% sound. But you accidentally placed a cosine where you needed a quadratic differential! (laughs) Not to worry. I fixed it. I will send an attachment.,Science / Inventions
Baljeet,"No can do, Phineas. I am taking an eastern Indian cooking class. We are going to make goat vindaloo. If we can ever find a goat. (goat brays offscreen) Oh! There is one now. Got to run! (runs away)",Food
Baljeet,"Yes, but now I've got to write her back in a passive way that makes her think it's really her idea. She is trying to manipulate the situation. (He takes another bite of his sandwich) It is how we love.",Philosophy
Baljeet,"I know this goes completely against all logic and therefore makes it totally out of character for me to say, but I think you may have been cursed with bad luck.",Philosophy
Baljeet,"Well, since the Phineas and Ferb from the first dimension suggested we make the most of our summer, Buford and I have been experimenting with fun, and so far...",Science / Inventions
Baljeet,"Well, the slowly melting ice of the wheel creates a slick surface, eliminating friction. (Close-up on Baljeet.) Gravity converts into angular momentum, giving us perpetual mo—Hello?",Science / Inventions
Baljeet,"Well, we have to build something to close the hole and stop the looping.  But it will require einsteinium, tungsten wire, and micro-crystal plasma resistors.",Science / Inventions
Baljeet,"No! I moved polka back so I could answer your question! It would take some major rearranging, but I think I can at least come to watch you make the bubble.",Infodumping
Baljeet,"Plot all you want, I have my eye on you! No one will be able to stop me from stripping away the Earth's atmosphere! Oh, the things I will be able to see!",Science / Inventions
Baljeet,"She has absorbed too much water! She is nearly two tons! We cannot fire the device until she is close to her normal density! Otherwise she could explode!""",Science / Inventions
Baljeet,"No, that is Venus. And that is Earth in prehistoric time. (Gasps, yells) Change it, change it, change it! Whoo, Hey, look, it is us in the future fixing the portal.",Science / Inventions
Baljeet,"Well, let us see. (transitions to Eiffel Tower) Oh, this is from the time Phineas and Ferb built a full-scale replica of the Eiffel Tower. I will hide the projector in the bushes.",Science / Inventions
Baljeet,"For your safety, Mishti, I invite you to hold on to the rail. It appears to be very clean, which I know is important to you now that you are a girl.",Infodumping
Baljeet,"(runs up) Phineas! Ferb! I saved Buford's life, and now because of the Bully Code, he is my personal servant! It is driving me crazy! You have got to help me!",Phineas and Ferb
Baljeet,"(offscreen) HEEELP!!! (Runs onscreen) Help! Phineas and Ferb, and to a lesser extent, Buford! I am having an existential emergency! I find myself incapable of making decisions!",Phineas and Ferb
Baljeet,"You know, if I am good enough to impress the Katherine Marshall, maybe my acting talents are worth cultivating. Maybe I should take a class. Buford?",Image
Baljeet,"Well, folks, I do not know about Western cinema, but this Forced Perspective Western Town has been a hoot, which I am just now realizing is a thing.",Infodumping
Baljeet,"I did it! I won a bike race! Thanks to Greg LeMond inspiring me. And then, you know, getting attacked by that tiger. By the way, I hope he is okay.",Infodumping
Baljeet,"Yes! Yes, it does! This way my work will not be interrupted by creatures who cannot possibly understand it! Like raccoons, or people, for instance.",Science / Inventions
Baljeet,(on radio) Not to add pressure to what is already a high-pressure system... (giggle) but we have six minutes and forty-one seconds 'til your mom dissipates completely!,Science / Inventions
Baljeet,"I said early. Anyway, under personal preferences, I could not decide whether to select 'Loop' or 'String' theory. I was paralyzed with indecision!",Science / Inventions
Baljeet,"When she looked at you, her pupils actually formed little hearts. Like, I do not know how that is physically possible. She changed her eyeballs!",Relationships
Baljeet-2,"I will try to keep it open for as long as possible, but the window is very unstable. Even the slightest disturbance could cause it to collapse.",Science / Inventions
Baljeet,"N-No! Of course not, sir. Hehe (walks off; comes back with a chicken-shaped out of peanuts) Here, sir. Try our deluxe peanut chicken. Our **motto** is: ""So Peanutty, you will not even taste the chicken!""",Infodumping
Baljeet,That's because it is. Every minute of my entire day is planned out right here. Remember how you told me to seize the day? Consider it seized!,Philosophy
Baljeet,"Thank you, Phineas. (Cut to the dining room. The gang is gathered around the table in their pajamas.) In researching for my very first slumber party, in which I am so excited to stay up past my regular bedtime of 9:30 p.m…",Phineas and Ferb
Baljeet,"Technically, we will not be drifting. More like violent ejection, plummeting through the atmosphere and crashing onto the planet's surface.",Science / Inventions
Baljeet,"The weight of your freakish muscles will only pull you down faster. And why does he just stare off into space like that? (screams) Phineas, help us!",Relationships
Baljeet,"But the part that perplexes me the most is that, for some reason, the sun algorithm that I created keeps coming up with the wrong result!",Science / Inventions
Baljeet,(blinks) Huh. I had not noticed that. I acknowledge your accomplishment with limited praise as an emotionally-restrained mentor. Let us do this!!!,Relationships
Baljeet,"Seeing as there are 34 sheep in the circumference, if we calculate the sheep radius and multiplied by y divided by 3πr², you would get... (falls asleep on the ground, snoring.)",Science / Inventions
Baljeet,"Well, I stand corrected. You seem to have a lot of information. But if you know so much about it, why do you not sing the original song?",Relationships
Baljeet,"Wrong. It is very primitive and aggressive. We do not want to meet it in here. (shows gazelles that look like Phineas and Ferb running away from the id.) Obviously, you see Phineas and Ferb as some sort of prey.",Phineas and Ferb
Baljeet,"Perhaps we can give you a recharge, but, of course, this time with the correct powers. We have been working on rebuilding the machine.",Science / Inventions
Baljeet,Uh my schedule is extremely tight. I doubt I even have a second to answer your question. Maybe if I move my polka recital back. Okay.,Infodumping
Baljeet,"On a multi-valve engine with variable timing, how can I isolate an exhaust valve leak at the stem seal without removing the camshaft?",Science / Inventions
Baljeet,"Do not worry, Phineas. With all of her training, she will be fine. Just last week, she earned her Judo, Hapkido, and Jujitsu Patches.",Relationships
Baljeet,"By chance. I ran into the director, Katherine Marshall, and she thought I would fit a particular role. A character called ""Exterra"".",Relationships
Baljeet,"I am not mechanically inclined like the two of you. To truly understand my predicament, I feel it will be best expressed in a song. (Claps hands twice)",Philosophy
Baljeet,"(To Ferb) You know this is pretty tame compared to other roller coasters, but when you compare it to other dental themed rides, it is a rush!",Phineas and Ferb
Baljeet,"(looking at a tablet) Inexplicably, your mother's vaporized bits have coalesced with the high humidity in the air to form a ""cumulo-mom-bus"" if you will.",Science / Inventions
Baljeet,I feel this may not be the best way to block a shot. Clearly I was - Clearly I was wrong about that. That was most effective. Aah!,Relationships
Baljeet,"You know, Isabella, I sometimes wonder if it was mere coincidence that it was you and I chosen to portray the young, happy couple.",Relationships
Baljeet,"Then, they put it all together to make you this salad. There are still grasshopper legs in it, but other than that, it is not bad.",Food
Baljeet,You will be most gratified. As long as you find insignificant bags of peanuts gratifying… Welcome to Wedgieville. Population: me.,Food
Baljeet,"Okay. (Baljeet makes some calculations.) Right... (pointing on a map) There! In fifteen seconds, that is the point of maximum disturbance! So it should be appearing right over...there! (A groundhog gets sucked into the rift.)",Science / Inventions
Baljeet,"While this Forced Perspective Town is charming, it has not changed my perspective. I still find the Western film genre tacky and— (screams as a giant tumbleweed runs him over)",Infodumping
Baljeet,Ferb has discovered a way to temporarily alter road surface modules from a solid to a liquid state around the hull. Fascinating!,Science / Inventions
Baljeet,"Oh, that's it! I will become Hanuman Man, a flying blue monkey that can grow as massive as he desires to crush all in his way! (pause)",Infodumping
Baljeet,"Do me a favor. Next time you want to make a fiendishly clever computer-controlled contraption, call one of your other friends.",Relationships
Baljeet,"Aww! I got you in my tractor beam! (starts pushing buttons) Time to strip the atmosphere from our planet, and allow an unobstructed view of the cosmos!",Science / Inventions
Dr. Baljeet,All we have to do is get these magnetic deprogramming chips near the cyborgs' frontal lobes and they will no longer be evil.,Science / Inventions
Baljeet,"Well, winning does take the sting out of the fact that there is obviously a horse out there somewhere with only three shoes.",Philosophy
Baljeet,We could remove you to a sterile environment and get a board certified surgeon to cleanly and safely preform a Jere-botomy.,Science / Inventions
Baljeet,"Um, hello? Can we discuss the bigger problem? And by ""bigger problem"", I mean ""THE BERSERK NECROSLUG THAT IS ON THE LOOSE""!",Infodumping
Baljeet,"It is like our own miniature Canada! But, of course, without the beavers, moose, and disproportionate number of comedians.",Infodumping
Baljeet,"You know, saliva is 98% water and the other 2% is made up of very beneficial electrolytes. It is gross, but it is science.",Science / Inventions
Baljeet,"And now, for my final trick, (cut to main stage) I will reattach my thumb! Feel the rhythm, feel the rhyme, come on thumb, it's healing time.",Science / Inventions
Baljeet,"If by okay, you mean that my life is a meaningless, black cauldron of swirling failure... then yes, everything is groovy.",Philosophy
Baljeet,You are amputating two perfectly good words and stitching them together. They are the Frankenstein monsters of grammar.,Philosophy
Baljeet,Last stop! I'm afraid there is no way to get to the East Coast by boat unless you go all the way around South America.,Infodumping
Baljeet,"Finally, we have been able to harness the energy in raw vegetables to power the unicycle. But how will we make it fly?",Science / Inventions
Baljeet,"Buford, these equations show that if we combine your brawn with my brains, we can conquer the final target together!",Relationships
Baljeet,But how? Mr. Random is already miles away. We have no idea where he is going and no way to get there except on foot!,Infodumping
Baljeet,There is a new Space Adventure movie filming in Danville. (takes out a poster) The Namrak Necroslug. And I have been invited to audition!,Infodumping
Baljeet,"We're going to the circus! We're going to the circus! (Cut to the kitchen, where Phineas, Ferb, Isabella and Django is eating Pow cereal... aside from Buford) I am here and ready to go to the world-famous Cirque de Lune.",Infodumping
Baljeet,"Because of the 17 summer school classes I am taking, I qualified for the science fair. So I decided to design this.",School
Baljeetolas,"Greetings, adventurers! If by my bow, or my vast store of useless knowledge I may aid you... Hey, where is my bow?",Philosophy
Baljeet,(Sarcastically) And spoil my carefully calculated air of selfishness and unconcern? Not until the last second thank you very much! (Baljeet and Buford sail away leaving the rest of the group behind),Image
Baljeet,"Huh, if you convert the basal molecules into an adenosine triphosphate engine, it might be theoretically possible.",Science / Inventions
Baljeet,"(Seeing Buford fall) Oh no! Buford is in trouble! I must do something! (He goes to a man selling balloons) Please, my bully is in trouble, let go of all of your balloons.",Relationships
Baljeet,"Good, we will just wait here and eventually, the fuel will run out. (Isabella and Buford look at him) Ohh... And then she will plummet to...yeah...",Science / Inventions
Baljeet,"YES! I have BEAT you, Danville Mountain! In your cliff face! Ha ha! I cannot wait to tell Buf- oh. That is right.",Relationships
Baljeet,"Hmm... maybe it is not too late. We should try to get them together. You know, before Isabella leaves for school.",Relationships
Baljeet,"So you are telling me that even though you are now a girl, you still like to have fun just like in the old days?",Relationships
Baljeet,Ah! this is catastrophic! Should we not do something? Should no one inform the populous of the impending impact?,Infodumping
Baljeet,I have been making mental notes of the paths and probabilities as I have gone along. It will be a piece of cake.,Science / Inventions
Second Baljeet,"This is great! Now that I have made both choices, I will no longer miss any opp- What do you know! I was right!",Infodumping
Baljeet,"Really? Because usually, people are either gone or fall asleep by the time I get to this part of the sentence.",Relationships
Baljeet,"Huh. Usually, some unforeseen element would have removed our invention by now. Perhaps we should take it down.",Science / Inventions
Baljeet,"(getting out a binder) …I present to you the ultimate sleepover checklist! Movies, a pillow fight, ice cream sundae bar, some mores (s'mores)…",Relationships
Baljeet,You mean test the resiliency of our cartilaginous collusion with vigorous application of weight and velocity?,Science / Inventions
Baljeet,"No, no please! I have given my solemn oath to protect the little monotreme until the Flynn family comes home.",Relationships
Baljeet,"(Holding a plastic dummy that looks just like him) Thank you. Thanking you much. So little Jeet, I hear you went to New Delhi. And did you try the chicken club?",Relationships
Baljeet,"I can see how that would be relevant if we were going to eat it. We are not going to have to eat it, are we?!",Food
Baljeet,"Another week's allowance replacing wedgied underwear. If I had anything left, I would invest in the company.",Philosophy
Baljeet,"I did not go through six years of ninja school just to be called Dr. Baljeet. It is Dr. Ninja Baljeet, okay?",Image
Baljeet,"(With a wide smile ""frozen"" on his face) I have been here since midnight waiting for everyone! I can't stop smiling! I have got cramps in my cheeks.",Relationships
Baljeet,"Because, (hands it to Buford to hold) as a person of superior intellect, I require an angry wall of meat to protect my science project.",Relationships
Baljeet,"Shape-shifting alien zombies, fair enough, but I must tell you that I am kind of using my brain right now.",Image
Baljeet,"Somebody take a picture of me next to this dust bunny! (shutter clicks as Ferb jumps on the shutter of the large camera) Phineas, this is amazing! Everybody should shrink.",Phineas and Ferb
Baljeet,"If we could just stick to the topic, please. Five minutes and forty-eight seconds ago, back in my home...",Infodumping
Baljeet,"That is what I said! Sure, give the weird stuff to Baljeet! Who cares if it does not work out of context?",Philosophy
Baljeet,"No! No, you cannot! We looked all over the place, but there are no potatoes in the entire Tri-State Area!",Food
Baljeet,Who cares? I am finally free to live my own life! I feel like I can do anything! Like...climb a mountain!,Philosophy
Baljeet,"(in a deep voice) Hey, guys. (he coughs and returns to his normal voice) Oh! Something was caught in my throat. So, still trying to figure out where to go to school?",School
Baljeet,"(takes the device) I do not know what that will prove. The space-time continuum is remarkably stable, and—Oh, my goodness!",Science / Inventions
Baljeet,"Well, without over-complicating things, it's a portal to Mars. You step through it and you're on Mars.",Infodumping
Baljeet,"""If a nerd shood save a bully's life, the bully is the nerd's slave for life."" ""Should"" is misspelled.",Philosophy
Baljeet,"(laughing) Yes, he does! But there is still one problem. I do not know how to act. I have a hard time pretending.",Relationships
Baljeet,"(Squealing) I was too excited to wait. (Takes off his wig) I shaved last night. Just call me Bald-jeet. Heh-heh. Get it? ""Bald-jeet""?",Infodumping
Baljeet,"Oh, no, no, no. Phineas and Ferb's blueprint was already brilliant. I just made a minor modification.",Phineas and Ferb
Baljeet,"Well, I usually attend college level conferences, but I thought I would dumb it down for the weekend.",School
Baljeet,"Yes! That was very kind of you to invite us to your grandparents' house. (A basketball flies by, and he ducks to avoid it) No fair! That almost hit me!",Relationships
Baljeet,"They are really into online gaming now! Hey, who cast a sleep spell on me and stole all my gold? Ugh!",Infodumping
Baljeet,"Just some old friends. In post-apocalyptic battle gear. Okay, maybe ""friends"" is stretching it a bit.",Relationships
Baljeet,Just follow the trajectory I plotted out and I promise you will hit the final target! We can do this!,Philosophy
Baljeet,"The blender-copter! Of course! Those cloud milkshakes brought all the boys to the yard, and Isa, too.",Relationships
Baljeet,"Ah, there it is! The finish line, right on the other side of Danville Chasm. I am going to win this!",Infodumping
Baljeet,"Look, Chinese eviscerating fish. Though I suppose here in China we just call them eviscerating fish.",Food
Baljeet,"You know, for the record, I would like to not be in a position today, where I have to eat this wall.",Food
Baljeet,We may be doomed but these nimble fingers and five years of violin lessons can play us out in style.,Image
Baljeet,"This place is creeping me out. If I had any underpants left, I am sure they would have been soiled.",Infodumping
Baljeet,"Ahh. Now I'll just hang out and ""be cool"" till my teacher gets here. (Wide smile appears on his face again) Uh-oh, it is happening again!",School
Baljeet,"Uh, some friends of mine have planned... (pulls out brochure and reads it to her) ""an all-inclusive luxury cruise around Danville Harbor"".",Relationships
Baljeet,"It is okay, Mrs Flynn-Fletcher, we were just talking about how easy it is to make a bad decision. (Awkwardly dusts Buford down)",Philosophy
Baljeet,Thank you! I got it at Astro Camp today. (Buford spins it again.) Quit turbocharging the orbital speed of my solar system!,Science / Inventions
Baljeet,"My time is limited, Magician. I must gather my positronic impulses for the coming battle. Speak.",Infodumping
Baljeet,Phineas pulled a jiao with giant mechanical feet out of his backpack and that is what bugs you?,Phineas and Ferb
Baljeet,I know! But it took me three minutes to remember how to give my self a CAT scan! I am slipping!,Image
Baljeet,"Jetpacks? I thought you were -- (picks up Isabella's decoy) Wood pulp effigies? Ha ha ha ha! Clever, but not clever enough!",Relationships
Baljeet,"(to Buford) So, if you do not believe the flying saucer is real, why did you want to take a turn flying it?",Infodumping
Baljeet,I have composed a simulation for turning the Earth's core into a gyroscope. Maybe that would... (groans),Science / Inventions
Baljeet,Wow! The fact that we cannot open it makes discovering the contents that much more tantalizing!,Infodumping
Baljeet,I do not know if it is so much cause and effect. I do a lot of math! The feelings come and go.,Science / Inventions
Baljeet,"(to Buford) Stop looking at me, I am not going to do jazz hands! Even though you have totally earned it...",Image
Baljeet,"(Still reading the brochure) ""Highlights of the evening will include a romantic candlelit dinner with–""... oh, she's gone.",Relationships
Baljeet,"Aghh! You can build a rollercoaster in a day, but it takes you 12 minutes to pump up a tire?!",Phineas and Ferb
Baljeet,"Oh, but what about all those innocent baristas and bank tellers and bowling alley attendants?",Infodumping
Baljeet,All of that work and all in vain. If only there was some way to go back to being forgettable.,Philosophy
Baljeet,"Inside I am thanking you a thousand times, even though on the outside I remain quite frugal.",Philosophy
Baljeet,"This is great! With my stimulated brain, I am dreaming up all sorts of super smart projects!",Image
Baljeet,"So, Buford, we are literally sitting inside a flying saucer. Do you still not believe in it?",Relationships
Baljeet,"Oh, yes, I can help you, Irving. I might just be the unsung intellectual giant of the group.",Relationships
Baljeet,It got me through hoof and mouth disease. And I have already downloaded my favorite episode.,Infodumping
Baljeet,"Ha ha! Yes! What he said! In da face! (Laughs) Uh-uh, I mean... You will get him next time. Clearly.",Relationships
Baljeet,"Radius times the angle of rotation, taking into account wind velocity and humidity! (He throws a piece of vine, capturing Buford by his ankle.) Brains!",Science / Inventions
Baljeet,Do not worry your pretty little head. I have plenty of experience with this sort of thing.,Relationships
Baljeet,Do you find it as curious as I do that your menu has not changed since you opened in 1929?,Infodumping
Baljeet,"Wait, wait, no Buford. No. No. No. Please don't. (A red liquid splashes Phineas, Ferb and Isabella) I was going to eat those jelly doughnuts.",Food
Baljeet,"Hey, Buford, your voice is so raspy. It sounds as if sandpaper and a washboard had a baby.",Relationships
Baljeet,"At some point, the food will run out, and we will be forced to make ""difficult decisions"".",Food
Baljeet,"Hello, Buford, I hear you are under the weather and I have just the thing to cheer you up.",Relationships
Baljeet,"Let me explain. Four years ago, back in India, we used to have such a good time together.",Relationships
Baljeet,"Buford, hitting a baseball involves the basic principles of (graphics appear above his head) velocity, force and geometry.",Science / Inventions
Baljeet,"We'll build the perfect dinner date for Isabella and Phineas. Their favorite food, music.",Relationships
Baljeet of the future,"Hello, Baljeet of the past! Just watch us. That is how we learned to fix it. Gesundheit!",Relationships
Baljeet,Wow; I have no idea how to respond that. (Pauses) I think I will be continuing with the race now.,Infodumping
Baljeet,"Buford, what are we going to do? Phineas wants us to stall. We gotta think of something!",Phineas and Ferb
Baljeet,"Using Ferbographic technology, we are simulcasting our virtual selves around the planet!",Science / Inventions
Baljeet,It seems too heavy for an airlift. Perhaps if we had two trucks attached side by side...,Infodumping
Baljeet,Oh no! I knew I should not have forsaken the rigid beauty of my candy-colored schedule!,Infodumping
Baljeet,"What is not to like? It has what every kid loves: rocking back-and-forth, and slowness.",Philosophy
Baljeet,...the particles will bounce up into lunar orbit! Blue skies on the moon! Imagine that!,Science / Inventions
Baljeet,"You know, you can not solve every problem with your muscles. Sometimes you need brains.",Philosophy
Baljeet,Aaah! But it is true! The Earth has moved away from the sun and now the summer is gone!,Science / Inventions
Baljeet,"Uh, we could build a device to concentrate sunlight and dry the doonkelberry instantly.",Science / Inventions
Baljeet,How can I sit tight? With that air conditioner up there freezing me! (Teeth chattering) So cold. So cold.,Infodumping
Baljeet,"Actually, I joined the Empire by accident. I was trying to sign up for a physics camp.",School
Baljeet,Yipeeeeee! Last day of summer means first day of schooool! Ha-ha ha! (realizes the disproving looks on everyone else) I mean boooooo...,School
Baljeet,"Huh. Did you say ""Wind-Con""? The largest annual international wind-themed convention?!",Infodumping
Baljeet,The answer is yes! But we will need to rig a power cable because the battery is fried.,Science / Inventions
Baljeet,"First, I do not like fried pickles. And secondly, you can never change my perspective.",Food
Baljeet,I am watching Perry the Platypus. I promised to not take my eyes out off him all day.,Relationships
Baljeet,"Oh, that. My Uncle Kamal is doing an exotic cuisine float in the parade, and I'm the…",Food
Baljeet,"Oh, here we go again. He's going to tell the story of when he was abducted by aliens.",Infodumping
Baljeet,"If it is okay with you, I have prepared a little presentation to illustrate my point. (opens up laptop)",Infodumping
Baljeet,Yes. And we need to do it quickly. The time loops are accelerating exponentially and—,Science / Inventions
Baljeet,Hop on! The mole people startle easily. But they will be back and in greater numbers.,Infodumping
Baljeet,I can't do it! I just do not know how to rock! (emotionally) I know I am going to get a bad grade!,School
Baljeet,"Oh, it is hopeless. I am never going to get my special mistletoe Christmas kiss. (Gets a wedgie from Buford) Ah!",Relationships
Baljeet,"(looking at papers in his hands) Well, empirically speaking, the test results show almost unanimous approval ratings!",Science / Inventions
Baljeet,"Ah, no matter. Personally, I never cared about winning. I just wanted a good grade.",School
Baljeet,"Buford was supposed to take over half an hour ago, but I can not find him anywhere!",Relationships
Baljeet,We should monitor the conditions in the upper atmosphere. I have a weather balloon.,Science / Inventions
"Baljeet ""(cont'd)",...we are in for a moderate cold front that shows absolutely no signs of subsiding.,Infodumping
Baljeet,"Yes. It is not as if society has crumbled, Buford. The phone networks are still up.",Relationships
Baljeet,And a little extra yeast in the baguette will increase our overall maneuverability.,Infodumping
Baljeet,This is usually the part of the day when pitch us building your bread bowl hot tub.,Relationships
Baljeet,"(over a shot of various foods placed on a bookshelf) Those are not knick-knacks! They are food, and they should be in the refrigerator!",Food
Baljeet,There it is. Danville Mountain. My quest lies ahead of me like an unpeeled potato.,Food
Baljeet,Look at this! (he shows a X-ray of a brain) This is my brain during the school year... (He then shows the other X-ray) And this is my brain now!,School
Baljeet,They appear to have been domesticated. They have no squirrel skills. Check it out.,Infodumping
Baljeet,"Got them! 34 degrees, 10 minutes, 15 seconds north. 15 minutes, zero seconds west.",Science / Inventions
Baljeet,Whoo! Opportunity! We can carpe our own diem! (unrolls a blueprint) How about Radical Barbarian Battles?,Philosophy
Baljeet,"Huh. Deception aside, my confidence is at an all-time high. Exterra fears nothing! (yelps)",Infodumping
Baljeet,All this waiting is maddening. Maybe we should put some more growth elixir on it?,Science / Inventions
Baljeet,"(Everybody looks at him) It's curry. It's not inherently evil. Maybe a little spicy. (The Gelatin Monster roars) Okay, I'm going home.",Food
Baljeet,"I feel a minor disturbance in the universe, almost as if... (A toilet flushes, and Clive Addison walks out of the stall) Nope! Now it is gone.",Science / Inventions
Baljeet,We just launched them towards the park. Buford is there with the other platypult.,Relationships
Baljeet,Only a few more seconds to my greatest triumph! I wonder what I will do tomorrow.,Philosophy
Baljeet,"Oddly enough, I feel the same. But I am not worried about making choices anymore.",Philosophy
Baljeet,Are you telling me that we have never made an obstacle course this entire summer?,School
Baljeet,"Buford, the table looks great, but there is one thing that would make it perfect. (He produces Buford's cupid costume from behind his back.)",Relationships
Baljeet,"Aside from the hack storytelling, they're just a sea of sepia tone and spittoons.",Philosophy
Baljeet,"Due to unresolved contract negotiations, Stumbleberry Finkbat has been cancelled!",Infodumping
Baljeet,"(looks away from Ginger) In a minute. (Turns around) So to continue, the figure eight and... (Notices Ginger has disappeared) Awwww, annnnnd we are back.",Infodumping
Baljeet,"Of course, this is the one time an object has not disappeared from the backyard!",Science / Inventions
Baljeet,"You know, I can see these vines are just painted ropes. How can I act with this?",Infodumping
Baljeet,"Oh, I am not Baljeet. I am the scariest thing known to man, a failed math test.",School
Baljeet,"To truly understand my predicament, I feel it will be best expressed in a song. (Claps hands twice)",Philosophy
Baljeet,"Oh, Buford. (Buford gives Baljeet a tennis ball and a black marker.) Perhaps this will buy us a little time. Frozen waffle, please. (Buford gives him a frozen waffle with a bite mark out of it.) Ugh.",Food
Baljeet,"No, it means...NO!! It means all life is going to be wiped out on both planets!",Philosophy
Baljeet,Which part? The unicorn or Officer Concord the Juice Time Juice Box Flavor Cop?,Infodumping
Dr. Baljeet,That is great. And I think I figured out how to get this giant ant going again.,Science / Inventions
Baljeet,We are guys. We do not talk about feelings. (Buford shrugs in agreement) Did you see the new car Irving got?,Relationships
Baljeet,A beam came down from that balloon and hit your mom right before she vaporized!,Science / Inventions
Baljeet,Something is interfering with the friction of the wheel! We are losing control!,Science / Inventions
Baljeet,"And Ferb. Wait, this is gonna sound crazy, but what if we combined our efforts?",Phineas and Ferb
Baljeet,"The girls are still gaining! Failure is not an option for me, my husky friend.",Relationships
Baljeet,"Here is our table, Mishti. Is this okay with you? It is not too drafty, is it?",Relationships
Baljeet,Funny how things worked out so that everyone pretty much got what they wanted.,Philosophy
Baljeet,"Okay, everyone! Here is how you play: You hold your top...and then...you SPIN!",Infodumping
Baljeet,"Oh, look who's sensitive! Besides, Buford could have brought the marshmallows.",Food
Baljeet,"(He wheels in a large crate with a tarp over it) Everyone, please stand back! Keep your fingers, and berets away from the bars.",Infodumping
Baljeet,"Oh. I mean, it's, uh, it's totally gotten so commercialized now. It's so lame.",Infodumping
Baljeet,We are not fish-leaping distance within any body of water. How is that nature?,Philosophy
Baljeet,"Ooh, I have a mystical, magical act I would like to perform. It's stupefying!",Philosophy
Baljeet,Never! The line must be drawn here! (gets up and shines a flashlight beside Phineas) Right between Phineas and his loved ones.,Relationships
Baljeet,"Ooh, please be careful. I still need your help at the science fair tomorrow.",Science / Inventions
Baljeet,"(Hung upside down by Buford) No, No, Buford! Please do not drop me I-- (Buford lets go) Oh! Oooh, well this is not so bad.",Relationships
Baljeet,"Where are you getting your information from, disembodied reggae space voice?",Infodumping
Baljeet,"No gadgets, no gimmicks, just pure achievement! It will be great! Let us go! (begins running up the mountain)",Image
Baljeet,"I hope you have got your carry on stowed, because we are ready for take-off.",Infodumping
Baljeet,"Oh, sweet. I am going down there. (He comes down from the castle) Okay, here I am. What have you got for me?",Relationships
Baljeet,"If Buford is now the brains of this operation, my life has lost all meaning!",Relationships
Baljeet,Are those the stolen Death Star plans we are not supposed to be looking for?,Science / Inventions
Baljeet,"Huh, maybe satisfaction should be rated by someone less picky. Respectfully?",Philosophy
Baljeet,What you have found is a one-way magic carpet ride to your own destruction.,Infodumping
Baljeet,I will call my family and tell them to start putting up the shame curtains.,Image
Baljeet,(After rolling dice against Buford) Haha! That gives me a five points weapon skills advantage. You lose an arm!,Relationships
Baljeet,"But if we do the mind swap here, those criminals will still be out of jail.",Infodumping
Baljeet,"(From the Castle) In case you are wondering, the word you are looking for is, 'impenetrable'.",Philosophy
Baljeet,What mysteries does it contain? (gasps) Perhaps dozens of stray Schrödinger's cats?,Philosophy
Baljeet,"Oh, my goodness, is this Candace's bed? How did you get it down the stairs?",Relationships
Baljeet,You are going to waste a whole day promoting aglets? Who is going to care?,Philosophy
Baljeet,Hey! I believe my Uncle Sabu lives not far from here! Perhaps he can help!,Relationships
Baljeet,"Look, everyone! It is Officer Concord the Juice Time Juice Box Flavor Cop!",Food
Baljeet,It is almost like Tadashi Kawamata's massive chair sculpture in Abu Dhabi.,Infodumping
Baljeet,"You are kidding, right? You do know she had a giant crush on you for ages.",Relationships
Baljeet,Perhaps the real treasure is true friendship and the spirit of adventure.,Relationships
Baljeet,Come see The Flying Fishmongers jump McGregor's Gorge! Tell your friends!,Relationships
Baljeet,What luck! Pizzazzium Infinionite! That science prize is as good as mine!,Science / Inventions
Baljeet,"Yes. All you need is the first part, and then you will have a whole joke.",Relationships
Baljeet,"(stops playing) Perhaps in hindsight, we should not have made our submarine out of FOOD!!",Food
Baljeet,Why is he wearing a tuxedo? It looks like he should be on a wedding cake.,Infodumping
Baljeet,"(showing a diagram) Genetically speaking, they fall somewhere between parrots and chameleons.",Science / Inventions
Isabella and Baljeet,"And now, for your in-flight entertainment; The Paper Pelican Floor Show!",Relationships
Baljeet,"So, it turned out that the invasion was all just a big misunderstanding.",Science / Inventions